no.,agency,accreditation_number,material_process,size*,accredited_organisation,reg._no.,status,active_date,last_changed,site_address,classification_of_operation
"1","EA","ER152015146","Aluminium","S","Avon Metals Limited","4135396","Active","02/10/2015","02/10/2015","Ashville Road GLOUCESTER Gloucestershire GL2 5DA","R4 Recycling/reclamation of metals and metal compounds"
"2","EA","ER152014105","Aluminium","S","JBMI Group Ltd","07176945","Active","01/01/2015","01/01/2015","JBM Group Ltd STAFFORD Staffordshire ST18 0PY","R4 Recycling/reclamation of metals and metal compounds"
"3","EA","ER152015143","Aluminium","S","Norton Aluminium Ltd","4057749","Active","11/09/2015","11/09/2015","Norton Aluminium Ltd CANNOCK Staffordshire WS11 9PS","R4 Recycling/reclamation of metals and metal compounds"
"4","EA","ER15199861","Aluminium","L","Novelis UK Ltd","00279596","Active","01/01/2015","01/01/2015","Latchford Locks Works WARRINGTON Cheshire WA4 1NN","R4 Recycling/reclamation of metals and metal compounds"
"5","EA","ER152009212","Aluminium","S","Tandom Metallurgical Group Ltd","06661279","Active","27/08/2015","27/08/2015","Radnor Park Industrial Estate CONGLETON Cheshire CW12 4XE","R4 Recycling/reclamation of metals and metal compounds"
"6","NRW","WR151998189","Aluminium","L","Swan Alloy UK Ltd","03221771","Active","01/01/2015","01/01/2015","SWAN ALLOY UK LTD. SWANSEA SWANSEA SA5 4SF","R4 Recycling/reclamation of metals and metal compounds"
"7","EA","ER152014111","EfW","L","South East London Combined Heat
and Power Ltd","03294518","Active","20/11/2015","20/11/2015","Veolia SELCHP LONDON London SE14 5RS","R1 Use principally as a fuel or other means to generate energy"
"8","EA","ER152002392","EfW","L","SUEZ Recycling and Recovery
Kirklees Ltd","03497105","Active","28/05/2015","28/05/2015","Diamond Street HUDDERSFIELD West Yorkshire HD1 6NT","R1 Use principally as a fuel or other means to generate energy"
"9","EA","ER152015118","EfW","L","SUEZ Recycling and Recovery
Suffolk Ltd","07346155","Active","05/03/2015","03/11/2015","Suffolk Energy from Waste Plant GREAT BLAKENHAM Suffolk IP6 0JE","R1 Use principally as a fuel or other means to generate energy"
"10","EA","ER15199866","EfW","L","SUEZ Recycling and Recovery Tees
Valley Ltd","02669578","Active","06/03/2015","06/03/2015","Energy from Waste Plant Lines 1 to 5 BILLINGHAM Cleveland TS23 1PY","R1 Use principally as a fuel or other means to generate energy"
"11","EA","ER15199838","EfW","L","Veolia ES Birmingham Ltd","02692681","Active","03/06/2015","03/06/2015","James Road BIRMINGHAM B11 2BA","R1 Use principally as a fuel or other means to generate energy"
"12","EA","ER152014165","EfW","L","Viridor Waste Management Ltd
(Ardley)","0575069","Active","14/01/2015","14/01/2015","Ardley Energy from Waste Facility ARDLEY Oxfordshire OX27 7PH","R1 Use principally as a fuel or other means to generate energy"
"13","NRW","WR152008110","EfW","S","Marlin Industries (Wrexham) Ltd","2831738","Active","01/01/2015","01/01/2015","Davy Way WREXHAM WREXHAM LL12 0PG","R1 Use principally as a fuel or other means to generate energy"
"14","NRW","WR152014707","EfW","L","Viridor Resource Management
Limited","0575069","Active","01/01/2015","01/01/2015","TRIDENT PARK EfW CARDIFF CF24 5EN","R1 Use principally as a fuel or other means to generate energy"
"15","NIEA","NR152007006","EfW","S","Eglinton (Timber Products) Ltd","NI019444","Active","01/01/2015","01/01/2015","Eglinton (Timber Products) Ltd EGLINTON Co Londonderry BT47 3PY","R1 Use principally as a fuel or other means to generate energy"
"16","EA","ER152014107","Glass Other","L","Brinklow Quarry","","Active","01/01/2015","01/01/2015","Highwood Farm RUGBY Warwickshire CV23 0NJ","R5 Recycling/reclamation of other inorganic materials"
"17","EA","ER152013135","Glass Other","L","Day Group Ltd","00432417","Active","01/01/2015","01/01/2015","Transport Avenue BRENTFORD Middlesex TW8 9HF","R5 Recycling/reclamation of other inorganic materials"
"18","EA","ER152013149","Glass Other","L","Glass Recycling (UK) Ltd","1169515","Active","01/01/2015","01/01/2015","418 carlton road BARNSLEY south yorks S71 3HX","R5 Recycling/reclamation of other inorganic materials"
"19","EA","ER152013153","Glass Other","L","Green Future Recycling Ltd","4505243","Active","01/01/2015","23/03/2015","Old Brickworks Site BLACKPOOL Lancs FY4 5JX","R5 Recycling/reclamation of other inorganic materials"
"20","EA","ER152014131","Glass Other","L","J. A . Jackson Contractors (Preston)
Ltd","0905981","Active","10/02/2015","10/02/2015","BRADLEYS SANDPIT PRESTON LANCS PR4 0AP","R5 Recycling/reclamation of other inorganic materials"
"21","EA","ER152013202","Glass Other","L","MRF Glass Recycling Ltd","7930689","Active","01/01/2015","01/01/2015","Store 20 SCUNTHORPE NorthLincolnshire DN15 8UA","R5 Recycling/reclamation of other inorganic materials"
"22","EA","ER152014110","Glass Other","L","Recresco Limited (London)","4066165","Active","01/01/2015","01/01/2015","Recresco London SWANSCOMBE Kent DA10 0LL","R5 Recycling/reclamation of other inorganic materials"
"23","EA","ER152013143","Glass Other","S","Recresco Ltd (1)","4066165","Active","01/01/2015","01/01/2015","Recresco Buildings SOUTHAMPTON Hampshire SO15 1HJ","R5 Recycling/reclamation of other inorganic materials"
"24","EA","ER152013144","Glass Other","L","Recresco Ltd (3)","4066165","Active","01/01/2015","01/01/2015","Recresco Ltd KIRKBY-IN-ASHFIELD Nottinghamshire NG17 8AP","R5 Recycling/reclamation of other inorganic materials"
"25","EA","ER152014151","Glass Other","L","Stacey Processing Ltd","4446433","Active","01/01/2015","01/01/2015","Ryder Point Works MATLOCK Derbyshire DE4 4HE","R5 Recycling/reclamation of other inorganic materials"
"26","EA","ER152013146","Glass Other","L","URM UK Ltd t/a Berryman","4084246","Active","01/01/2015","01/01/2015","Lidgate Crescent SOUTH KIRKBY West Yorkshire WF9 3NR","R5 Recycling/reclamation of other inorganic materials"
"27","EA","ER152014160","Glass Other","L","URM UK Ltd t/a Berryman","4084246","Active","01/01/2015","17/11/2016","46c TILBURY Essex RM18 7EH","R5 Recycling/reclamation of other inorganic materials"
"28","EA","ER152013110","Glass Other","S","Viridor Waste (Greater Manchester)
Ltd","02705057","Active","01/01/2015","01/01/2015","LONGLEY LANE MANCHESTER M22 4RQ","R5 Recycling/reclamation of other inorganic materials"
"29","EA","ER152013113","Glass Other","L","Viridor Waste Management Ltd","0575069","Active","01/01/2015","01/01/2015","SALMON PASTURES SHEFFIELD YORKSHIRE S4 7WT","R5 Recycling/reclamation of other inorganic materials"
"30","EA","ER152013119","Glass Other","L","Viridor Waste Management Ltd","0575069","Active","01/01/2015","01/01/2015","FORD MRF ARUNDEL WEST SUSSEX BN18 0FL","R5 Recycling/reclamation of other inorganic materials"
"31","EA","ER152013123","Glass Other","S","Viridor Waste Management Ltd","0575069","Active","01/01/2015","01/01/2015","PILSWORTH SOUTH LANDFILL SITE BURY LANCASHIRE BL9 8QZ","R5 Recycling/reclamation of other inorganic materials"
"32","EA","ER152013129","Glass Other","L","Viridor Waste Management Ltd","00575069","Active","01/01/2015","01/01/2015","Crayford Materials Recycling Facility DARTFORD Kent DA1 4HQ","R5 Recycling/reclamation of other inorganic materials"
"33","EA","ER152013197","Glass Other","L","Wagstaff Total waste management
Ltd.","07861416","Cancelled","01/01/2015","30/07/2015","Unit 2 GREAT HECK South Yorkshire DN14 0BT","R5 Recycling/reclamation of other inorganic materials"
"34","EA","ER152013164","Glass Other","L","Ward Recycling Limited","4373217","Active","05/01/2015","05/01/2015","Ward Recycling Limited MIDDLESBROUGH Cleveland TS6 6TX","R5 Recycling/reclamation of other inorganic materials"
"35","EA","ER152014166","Glass Other","L","Yorwaste Ltd","02666908","Active","01/01/2015","01/01/2015","Seamer Carr Waste Management Facility SCARBOROUGH Scarborough YO12 4QA","R5 Recycling/reclamation of other inorganic materials"
"36","NRW","WR152013151","Glass Other","L","Glass Tech Recycling Ltd","07479819","Active","01/01/2015","01/01/2015","Roberts Road SWANSEA City & County of Swansea SA1 1QR","R5 Recycling/reclamation of other inorganic materials"
"37","NRW","WR152013142","Glass Other","L","Recresco Limited - Cwmbran","4066165","Active","01/01/2015","01/01/2015","Recresco Limited CWMBRAN Torfaen NP44 5BE","R5 Recycling/reclamation of other inorganic materials"
"38","NIEA","NR152013106","Glass Other","L","Enva Northern Ireland Ltd","NI017996","Active","01/01/2015","01/01/2015","52 Creagh Road TOOMEBRIDGE Antrim BT413SE","R5 Recycling/reclamation of other inorganic materials"
"39","NIEA","NR152013105","Glass Other","L","Re-Gen Limited","NI 44110","Active","01/01/2015","01/01/2015","Unit 7 Shepherd's Drive, NEWRY Down BT35 6JQ","R5 Recycling/reclamation of other inorganic materials"
"40","SEPA","SR152014103","Glass Other","L","Dryden Aqua Ltd","SC072700","Cancelled","01/01/2015","01/02/2016","Butlerfield Industrial Estate BONNYRIGG Midlothian EH19 3JQ","R5 Recycling/reclamation of other inorganic materials"
"41","SEPA","SR152013106","Glass Other","L","Enva Scotland Limited","SC057052","Cancelled","01/01/2015","01/02/2016","49 Burnbrae Rd, Linwood Industrial Estate LINWOOD Renfrewshire PA3 3BD","R5 Recycling/reclamation of other inorganic materials"
"42","SEPA","SR152013102","Glass Other","S","Shetland Amenity Trust","SC017505","Cancelled","01/01/2015","01/02/2016","Enviroglass CUNNINGSBURGH Shetland ZE2 9HB","R5 Recycling/reclamation of other inorganic materials"
"43","SEPA","SR152013108","Glass Other","L","Viridor Waste Management Limited","0575069","Cancelled","23/01/2015","01/02/2016","5 Dalhousie Business Park BONNYRIGG Midlothian EH19 3HY","R5 Recycling/reclamation of other inorganic materials"
"44","SEPA","SR152015102","Glass Other","L","Viridor Waste Management Limited","0575069","Cancelled","01/01/2015","01/02/2016","Mossband Farm NEWHOUSE Lanarkshire ML1 5ST","R5 Recycling/reclamation of other inorganic materials"
"45","EA","ER152013126","Glass Re-melt","L","Ardagh Glass Limited","00567801","Active","01/01/2015","01/01/2015","Doncaster Plant DONCASTER South Yorkshire DN2 4RH","R5 Recycling/reclamation of other inorganic materials"
"46","EA","ER152013127","Glass Re-melt","L","Ardagh Glass Limited","00567801","Active","01/01/2015","01/01/2015","BARNSLEY PLANT BARNSLEY South Yorkshire S71 2QG","R5 Recycling/reclamation of other inorganic materials"
"47","EA","ER152013128","Glass Re-melt","L","Ardagh Glass Limited","00567801","Active","01/01/2015","01/01/2015","Knottingley Plant KNOTTINGLEY West Yorkshire WF11 0HP","R5 Recycling/reclamation of other inorganic materials"
"48","EA","ER152013109","Glass Re-melt","L","Beatson Clark Limited","00110186","Active","01/01/2015","01/01/2015","The Glassworks ROTHERHAM South Yorkshire S60 1TZ","R5 Recycling/reclamation of other inorganic materials"
"49","EA","ER152013154","Glass Re-melt","L","Encirc Limited","NI 30990","Active","01/01/2015","01/01/2015","Encirc Business Park ELTON Cheshire CH2 4LF","R5 Recycling/reclamation of other inorganic materials"
"50","EA","ER152015121","Glass Re-melt","L","Glass Recycling (UK) Ltd","1169515","Active","01/04/2015","01/04/2015","418 carlton road BARNSLEY south yorks S71 3HX","R5 Recycling/reclamation of other inorganic materials"
"51","EA","ER152013118","Glass Re-melt","L","Knauf Insulation Ltd","1926842","Active","17/03/2015","17/03/2015","Kanuf Insulation ST HELENS Merseyside WA10 3LZ","R5 Recycling/reclamation of other inorganic materials"
"52","EA","ER152013136","Glass Re-melt","L","O-I Glass Ltd","00526983","Active","01/01/2015","01/01/2015","Edinburgh Way HARLOW Essex CM20 2UG","R5 Recycling/reclamation of other inorganic materials"
"53","EA","ER152015103","Glass Re-melt","L","Recresco Limited (London)","4066165","Active","01/01/2015","01/01/2015","Recresco London SWANSCOMBE Kent DA10 0LL","R5 Recycling/reclamation of other inorganic materials"
"54","EA","ER152015106","Glass Re-melt","L","Recresco Ltd (3)","4066165","Active","01/01/2015","01/01/2015","Recresco Ltd KIRKBY-IN-ASHFIELD Nottinghamshire NG17 8AP","R5 Recycling/reclamation of other inorganic materials"
"55","EA","ER152013163","Glass Re-melt","S","Recycled Glass Company Ltd","4577696","Active","01/01/2015","01/01/2015","Unit 1 HIGHBRIDGE Somerset TA9 4AG","R5 Recycling/reclamation of other inorganic materials"
"56","EA","ER152015126","Glass Re-melt","L","Reuse Glass UK Ltd T/A Berryman","3578299","Active","26/05/2015","26/05/2015","Barnby Dun Rd DONCASTER South Yorkshire DN2 4RH","R5 Recycling/reclamation of other inorganic materials"
"57","EA","ER152015112","Glass Re-melt","L","Reuse Glass Uk Ltd T/A Berrymans","3578299","Active","16/01/2015","16/01/2015","Headlands Lane KNOTTINGLEY West Yorks WF11 0HP","R5 Recycling/reclamation of other inorganic materials"
"58","EA","ER152013182","Glass Re-melt","L","Saint-Gobain Construction Products
UK Limited","00734396","Active","04/03/2015","04/03/2015","Whitehouse Industrial Estate RUNCORN Cheshire WA7 3DP","R5 Recycling/reclamation of other inorganic materials"
"59","EA","ER152013155","Glass Re-melt","L","Stoelzle Flaconnage Limited","2973822","Active","01/01/2015","01/01/2015","Stoelzle Flaconnage Limited KNOTTINGLEY West Yorkshire WF11 8AP","R5 Recycling/reclamation of other inorganic materials"
"60","EA","ER152015124","Glass Re-melt","L","URM UK Ltd t/a Berryman","4084246","Active","05/05/2015","05/05/2015","Lidgate Crescent SOUTH KIRKBY West Yorkshire WF9 3NR","R5 Recycling/reclamation of other inorganic materials"
"61","EA","ER152013121","Glass Re-melt","L","Verallia UK Ltd","3846688","Active","01/01/2015","01/01/2015","Fernley Green Road KNOTTINGLEY West Yorkshire WF11 8DJ","R5 Recycling/reclamation of other inorganic materials"
"62","EA","ER152013122","Glass Re-melt","L","Verallia UK Ltd","3846688","Active","01/01/2015","01/01/2015","South Accommodation Road LEEDS West Yorkshire LS10 1NQ","R5 Recycling/reclamation of other inorganic materials"
"63","EA","ER152014167","Glass Re-melt","S","Vitromite Ltd","08783711","Active","12/02/2015","16/03/2015","H4 Former RAF Coltishall Badersfield Scottow NORWICH Norfolk NR105AJ","R5 Recycling/reclamation of other inorganic materials"
"64","NRW","WR152013111","Glass Re-melt","L","Knauf Insulation Ltd","1926842","Active","01/01/2015","01/01/2015","KNAUF INSULATION LTD CWMBRAN TORFAEN NP44 2YQ","R5 Recycling/reclamation of other inorganic materials"
"65","NRW","WR152015701","Glass Re-melt","L","Recresco Limited - Cwmbran","4066165","Active","01/04/2015","01/04/2015","Recresco Limited CWMBRAN Torfaen NP44 5BE","R5 Recycling/reclamation of other inorganic materials"
"66","NIEA","NR152013104","Glass Re-melt","L","Encirc Ltd","NI 30990","Active","01/01/2015","01/01/2015","11 Gortahurk Road DERRYLIN Fermanagh BT92 9DD","R5 Recycling/reclamation of other inorganic materials"
"67","SEPA","SR152013103","Glass Re-melt","L","Ardagh Glass Ltd","00567801","Cancelled","01/01/2015","01/02/2016","Irvine Plant IRVINE KA12 8JA","R5 Recycling/reclamation of other inorganic materials"
"68","SEPA","SR152014102","Glass Re-melt","L","Dryden Aqua Ltd","SC072700","Cancelled","01/01/2015","01/02/2016","Butlerfield Industrial Estate BONNYRIGG Midlothian EH19 3JQ","R5 Recycling/reclamation of other inorganic materials"
"69","SEPA","SR152013105","Glass Re-melt","L","Enva Scotland Limited","SC057052","Cancelled","01/01/2015","01/02/2016","49 Burnbrae Rd, Linwood Industrial Estate LINWOOD Renfrewshire PA3 3BD","R5 Recycling/reclamation of other inorganic materials"
"70","SEPA","SR152013101","Glass Re-melt","L","O-I Glass Ltd","00526983","Cancelled","01/01/2015","01/02/2016","Glasshouse Loan ALLOA Clackmannanshire FK10 1PD","R5 Recycling/reclamation of other inorganic materials"
"71","SEPA","SR152013104","Glass Re-melt","L","Superglass Insulation Limited","2160591","Cancelled","01/01/2015","01/02/2016","Superglass Insulation Ltd. STIRLING FK7 7QQ","R5 Recycling/reclamation of other inorganic materials"
"72","EA","ER151998168","Paper/board","L","Aylesford Newsprint","2825694","Cancelled","01/01/2015","30/04/2015","Newsprint House AYLESFORD Kent ME20 7DL","R3 Recycling/reclamation of organic substances which are not used as solvents (including composting and other biological transformation processes)"
"73","EA","ER15199864","Paper/board","L","DS Smith Paper Limited","00058614","Active","01/01/2015","01/01/2015","DS SMITH PAPER LTD STTTINGBOURNE KENT ME10 2TD","R3 Recycling/reclamation of organic substances which are not used as solvents (including composting and other biological transformation processes)"
"74","EA","ER15199850","Paper/board","L","DS Smith Paper Limited (4)","00058614","Active","06/01/2015","06/01/2015","DS SMITH PAPER LTD WATCHET SOMERSET TA23 0AY","R3 Recycling/reclamation of organic substances which are not used as solvents (including composting and other biological transformation processes)"
"75","EA","ER151998133","Paper/board","L","Preston Board & Packaging Ltd","1567779","Active","01/01/2015","01/01/2015","Romiley Board Mill STOCKPORT Cheshire SK6 4DZ","R3 Recycling/reclamation of organic substances which are not used as solvents (including composting and other biological transformation processes)"
"76","EA","ER152011114","Paper/board","L","SAICA Paper UK Ltd","06569569","Active","01/01/2015","01/01/2015","144 Manchester Road MANCHESTER M31 4QN","R3 Recycling/reclamation of organic substances which are not used as solvents (including composting and other biological transformation processes)"
"77","EA","ER1519988","Paper/board","L","Smurfit Kappa UK Ltd","1017013","Active","01/01/2015","01/01/2015","Smurfit Kappa SSK Ltd BIRMINGHAM B7 5RE","R3 Recycling/reclamation of organic substances which are not used as solvents (including composting and other biological transformation processes)"
"78","EA","ER152015111","Paper/board","L","Smurfit Kappa UK Ltd","1017013","Active","01/01/2015","01/01/2015","The Mill SNODLAND Kent ME6 5AX","R3 Recycling/reclamation of organic substances which are not used as solvents (including composting and other biological transformation processes)"
"79","EA","ER15199890","Paper/board","L","Sonoco Cores and Paper Ltd","5133800","Active","01/01/2015","01/01/2015","Sonoco Board Mills STAINLAND West Yorkshire HX4 9PY","R3 Recycling/reclamation of organic substances which are not used as solvents (including composting and other biological transformation processes)"
"80","NRW","WR151998205","Paper/board","L","UPM Kymmene (UK) Ltd","SC102969","Active","01/01/2015","01/01/2015","Weighbridge Road DEESIDE Flintshire CH5 2LL","R3 Recycling/reclamation of organic substances which are not used as solvents (including composting and other biological transformation processes)"
"81","EA","ER151998256","Plastic","S","Alfaplas Ltd","03171362","Active","01/01/2015","01/01/2015","1 Ramsden Road HEREFORD Herefordshire HR2 6LR","R3 Recycling/reclamation of organic substances which are not used as solvents (including composting and other biological transformation processes)"
"82","EA","ER151998142","Plastic","S","Alpha Polymers Ltd","1543079","Active","05/03/2015","05/03/2015","1 Costain Street LIVERPOOL Merseyside L20 8QJ","R3 Recycling/reclamation of organic substances which are not used as solvents (including composting and other biological transformation processes)"
"83","EA","ER152013188","Plastic","S","Avanti Environmental Group Limited","3476148","Active","01/01/2015","01/01/2015","Yardley Road KNOWSLEY Merseyside L33 7SS","R3 Recycling/reclamation of organic substances which are not used as solvents (including composting and other biological transformation processes)"
"84","EA","ER152013191","Plastic","L","Avanti Environmental Group Ltd","3476148","Active","01/01/2015","01/01/2015","Avanti Environmetal Group Limited KNOWSLEY Merseyside L33 7UF","R3 Recycling/reclamation of organic substances which are not used as solvents (including composting and other biological transformation processes)"
"85","EA","ER151998221","Plastic","L","Biffa (WES) Limited (REDCAR)","2729607","Active","01/01/2015","01/01/2015","WES Building REDCAR Cleveland TS10 4RG","R3 Recycling/reclamation of organic substances which are not used as solvents (including composting and other biological transformation processes)"
"86","EA","ER152011103","Plastic","L","Brightgreen Plastics Ltd","7289595","Active","01/01/2015","01/01/2015","ALLERTON BYWATER BUSINESS PARK CASTLEFORD WEST YORKS WF10 2AL","R3 Recycling/reclamation of organic substances which are not used as solvents (including composting and other biological transformation processes)"
"87","EA","ER15199873","Plastic","L","British Polythene Limited","0350729","Active","01/01/2015","01/01/2015","BPI Recycled Products STROUD Gloucestershire GL5 3QF","R3 Recycling/reclamation of organic substances which are not used as solvents (including composting and other biological transformation processes)"
"88","EA","ER15199871","Plastic","L","British Polythene Ltd","0350729","Active","01/01/2015","01/01/2015","BPI Recycled Products HEANOR Derbyshire DE75 7RG","R3 Recycling/reclamation of organic substances which are not used as solvents (including composting and other biological transformation processes)"
"89","EA","ER15199854","Plastic","L","Centriforce Products Ltd","3347875","Active","01/01/2015","01/01/2015","Errington Works LIVERPOOL Merseyside L20 8EE","R3 Recycling/reclamation of organic substances which are not used as solvents (including composting and other biological transformation processes)"
"90","EA","ER15199819","Plastic","L","Chase Plastics Ltd","1593735","Active","01/01/2015","01/01/2015","Mile End Works BRANDON Suffolk IP27 0NE","R3 Recycling/reclamation of organic substances which are not used as solvents (including composting and other biological transformation processes)"
"91","EA","ER152009125","Plastic","L","Closed Loop Recycling Ltd","05172959","Cancelled","01/01/2015","12/06/2015","16 Choats Road DAGENHAM Essex RM9 6LF","R3 Recycling/reclamation of organic substances which are not used as solvents (including composting and other biological transformation processes)"
"92","EA","ER15199829","Plastic","S","Coveris Flexibles (Gainsborough)
UK Ltd (T/A Coveris Winsford)","04786458","Active","01/01/2015","01/01/2015","Coveris Flexibles (Gainsborough) UK Ltd (T/A Coveris Winsford) WINSFORD Cheshire CW7 3RD","R3 Recycling/reclamation of organic substances which are not used as solvents (including composting and other biological transformation processes)"
"93","EA","ER151998228","Plastic","S","Coveris Flexibles (Louth) UK Ltd","00815053","Active","01/01/2015","01/01/2015","101 brackenborough road LOUTH LINCS LN11 0AX","R3 Recycling/reclamation of organic substances which are not used as solvents (including composting and other biological transformation processes)"
"94","EA","ER152014152","Plastic","L","Echo Packaging Ltd","02717201","Active","06/01/2015","26/03/2015","Sondes Road CORBY Northamptonshire NN17 5XL","R3 Recycling/reclamation of organic substances which are not used as solvents (including composting and other biological transformation processes)"
"95","EA","ER152009198","Plastic","L","ECO Plastics Ltd.","3948149","Cancelled","","01/01/2015","Hemswell Business Park HEMSWELL Lincolnshire DN21 5TU","R3 Recycling/reclamation of organic substances which are not used as solvents (including composting and other biological transformation processes)"
"96","EA","ER152014159","Plastic","L","Ecotech London Ltd","08573291","Active","01/01/2015","01/01/2015","Fairview Industrial Estate RAINHAM Essex RM13 8UH","R3 Recycling/reclamation of organic substances which are not used as solvents (including composting and other biological transformation processes)"
"97","EA","ER152013198","Plastic","L","Enva Plastics Ltd","04975936","Active","01/01/2015","01/01/2015","SOUTH FEN ROAD BOURNE LINCS PE10 0DN","R3 Recycling/reclamation of organic substances which are not used as solvents (including composting and other biological transformation processes)"
"98","EA","ER152015130","Plastic","L","Euro Closed Loop Recycling Ltd","09566416","Active","12/06/2015","12/06/2015","16 Choats Road DAGENHAM Essex RM9 6LF","R3 Recycling/reclamation of organic substances which are not used as solvents (including composting and other biological transformation processes)"
"99","EA","ER152014168","Plastic","L","Evolve Polymers Limited","9343045","Active","01/01/2015","01/01/2015","Hemswell Business Park HEMSWELL Lincoln DN21 5TU","R3 Recycling/reclamation of organic substances which are not used as solvents (including composting and other biological transformation processes)"
"100","EA","ER15199846","Plastic","L","Frank Mercer & Sons Ltd","1370465","Active","07/01/2015","07/01/2015","Chequerbent Works BOLTON GT Manchester BL5 3JF","R3 Recycling/reclamation of organic substances which are not used as solvents (including composting and other biological transformation processes)"
"101","EA","ER151998218","Plastic","S","Gelpack Industrial Ltd","2251996","Active","01/01/2015","01/01/2015","UNIT 4 MADLEY HEREFORDSHIRE HR2 9NQ","R3 Recycling/reclamation of organic substances which are not used as solvents (including composting and other biological transformation processes)"
"102","EA","ER152014157","Plastic","S","Hahn Plastics Ltd","08268517","Active","01/01/2015","01/01/2015","Pilkington Site MANCHESTER Greater Manchester M27 8LJ","R3 Recycling/reclamation of organic substances which are not used as solvents (including composting and other biological transformation processes)"
"103","EA","ER152008114","Plastic","L","J. and A. Young (Leicester) Ltd","1222186","Active","01/01/2015","01/01/2015","Cotton Way LOUGHBOROUGH Leicestershire LE11 5FJ","R3 Recycling/reclamation of organic substances which are not used as solvents (including composting and other biological transformation processes)"
"104","EA","ER152010107","Plastic","L","J. and A. Young (Leicester) Ltd","01222186","Active","01/01/2015","01/01/2015","15 Saxon Way East CORBY Northamptonshire NN18 9EY","R3 Recycling/reclamation of organic substances which are not used as solvents (including composting and other biological transformation processes)"
"105","EA","ER152013196","Plastic","L","J. and A. Young (Leicester) Ltd","01222186","Active","01/01/2015","01/01/2015","Building 32 and 36 LOUGHBOROUGH Leicestershire LE11 5RD","R3 Recycling/reclamation of organic substances which are not used as solvents (including composting and other biological transformation processes)"
"106","EA","ER152014133","Plastic","S","Jason Plastics Ltd","1062457","Active","08/06/2015","08/06/2015","Prettywood BURY Lancs BL9 7HZ","R3 Recycling/reclamation of organic substances which are not used as solvents (including composting and other biological transformation processes)"
"107","EA","ER152012122","Plastic","L","JFC PLASTICS LTD (Runcorn)","1038712","Active","19/01/2015","19/01/2015","JFC Plastics Ltd RUNCORN Cheshire WA7 1PH","R3 Recycling/reclamation of organic substances which are not used as solvents (including composting and other biological transformation processes)"
"108","EA","ER152015115","Plastic","L","KB Extruders Ltd","07533755","Active","26/02/2015","26/02/2015","UNIT 2, Dulverton Road BIRMINGHAM WEST MIDLANDS B6 7DX","R3 Recycling/reclamation of organic substances which are not used as solvents (including composting and other biological transformation processes)"
"109","EA","ER152006686","Plastic","L","Luxus Ltd","0834329","Active","01/01/2015","01/01/2015","Belvoir Way LOUTH Lincolnshire LN11 0LQ","R3 Recycling/reclamation of organic substances which are not used as solvents (including composting and other biological transformation processes)"
"110","EA","ER152009124","Plastic","L","NDC Polipak Limited","03858503","Active","01/01/2015","01/01/2015","NDC Polipak Ltd CRADLEY HEATH West Midlands B64 5RE","R3 Recycling/reclamation of organic substances which are not used as solvents (including composting and other biological transformation processes)"
"111","EA","ER15199841","Plastic","L","Norpol Recycling Limited","3029134","Active","01/01/2015","01/01/2015","NORPOL HOUSE NELSON LANCASHIRE BB9 7YG","R3 Recycling/reclamation of organic substances which are not used as solvents (including composting and other biological transformation processes)"
"112","EA","ER15199876","Plastic","S","Petlon Polymers Ltd","1389081","Active","11/02/2015","11/02/2015","Ward Industrial Estate LYDNEY Gloucestershire GL15 5EL","R3 Recycling/reclamation of organic substances which are not used as solvents (including composting and other biological transformation processes)"
"113","EA","ER152013181","Plastic","L","Plasgran Ltd","3848053","Active","01/01/2015","01/01/2015","Manea Road MARCH Cambridgeshire PE15 0PE","R3 Recycling/reclamation of organic substances which are not used as solvents (including composting and other biological transformation processes)"
"114","EA","ER152014164","Plastic","L","PLASRECYCLE LIMITED","07456989","Active","09/03/2015","09/03/2015","Plasrecycle Limited LONDON SE28 0BQ (actual site 0BQ issued by PO) SE2 0BT","R3 Recycling/reclamation of organic substances which are not used as solvents (including composting and other biological transformation processes)"
"115","EA","ER152015152","Plastic","S","Plasticity (Worldwide) Ltd","09718415","Active","10/12/2015","10/12/2015","Hangar No.1 LICHFIELD Staffordshire WS13 8EN","R3 Recycling/reclamation of organic substances which are not used as solvents (including composting and other biological transformation processes)"
"116","EA","ER152013199","Plastic","L","Plumb Polymers Ltd","03964655","Active","01/01/2015","01/01/2015","505 Carlisle Street East SHEFFIELD South Yorkshire S4 8DT","R3 Recycling/reclamation of organic substances which are not used as solvents (including composting and other biological transformation processes)"
"117","EA","ER152013195","Plastic","L","Polypipe Ltd","01099323","Active","01/01/2015","01/01/2015","Boston Rd Ind Est HORNCASTLE Lincs LN9 6JW","R3 Recycling/reclamation of organic substances which are not used as solvents (including composting and other biological transformation processes)"
"118","EA","ER15199842","Plastic","L","Preston Plastics Ltd","3377914","Active","01/01/2015","01/01/2015","MOSS EDGE WORKS PRESTON LANCASHIRE PR3 6BN","R3 Recycling/reclamation of organic substances which are not used as solvents (including composting and other biological transformation processes)"
"119","EA","ER152004444","Plastic","L","Ravago Manufacturing UK Ltd","4789043","Active","01/01/2015","01/01/2015","WEST BRIDGEWATER STREET LEIGH LANCASHIRE WN74HB","R3 Recycling/reclamation of organic substances which are not used as solvents (including composting and other biological transformation processes)"
"120","EA","ER152014130","Plastic","L","Recycled Plastics UK Ltd","06645314","Active","01/01/2015","01/01/2015","Unit 1, Freeman Street, WOLVERHAMPTON West Midlands WV100ES","R3 Recycling/reclamation of organic substances which are not used as solvents (including composting and other biological transformation processes)"
"121","EA","ER15199852","Plastic","L","Roydon Granulation Ltd","2908446","Active","01/01/2015","01/01/2015","Unit F15 ST. HELENS Merseyside WA9 3NA","R3 Recycling/reclamation of organic substances which are not used as solvents (including composting and other biological transformation processes)"
"122","EA","ER152014106","Plastic","L","Roydon Group PLC","06890221","Active","01/01/2015","01/01/2015","Units 1-3 Junction Eco Park SWINTON Manchester M27 8LU","R3 Recycling/reclamation of organic substances which are not used as solvents (including composting and other biological transformation processes)"
"123","EA","ER152005591","Plastic","L","Schutz UK Ltd","2347670","Active","01/01/2015","01/01/2015","Claylands Avenue WORKSOP Notts S81 7BE","R3 Recycling/reclamation of organic substances which are not used as solvents (including composting and other biological transformation processes)"
"124","EA","ER152014114","Plastic","S","Skymark Packaging International
Ltd","2160777","Active","01/01/2015","01/01/2015","Manners Avenue ILKESTON Derbyshire DE7 8EF","R3 Recycling/reclamation of organic substances which are not used as solvents (including composting and other biological transformation processes)"
"125","EA","ER152008107","Plastic","L","Viridor Polymer Recycling Ltd","5499464","Active","01/01/2015","01/01/2015","Gerrard Place SKELMERSDALE Lancashire WN8 9SU","R3 Recycling/reclamation of organic substances which are not used as solvents (including composting and other biological transformation processes)"
"126","EA","ER152012106","Plastic","S","WHAT-A-WASTE LIMITED","05794416","Cancelled","06/01/2015","24/08/2015","Hangar No.1 LICHFIELD Staffordshire WS13 8EN","R3 Recycling/reclamation of organic substances which are not used as solvents (including composting and other biological transformation processes)"
"127","NRW","WR151998103","Plastic","L","British Polythene Limited","0350729","Active","01/01/2015","01/01/2015","Maerdy Industrial Estate TREDEGAR Caerphilly NP22 5PY","R3 Recycling/reclamation of organic substances which are not used as solvents (including composting and other biological transformation processes)"
"128","NRW","WR152015702","Plastic","L","Roydon Bottle Recycling Ltd","08635446","Active","03/03/2015","03/03/2015","Unit 1 Blackwood Business Park PONTLLANFRAITH Caerphilly NP12 2XH","R3 Recycling/reclamation of organic substances which are not used as solvents (including composting and other biological transformation processes)"
"129","NIEA","NR152012103","Plastic","L","Cherry Plastics","NI053648","Active","01/01/2015","01/01/2015","Unit 5 Nutts Corner Business Park CRUMLIN Co Antrim BT29 4SR","R3 Recycling/reclamation of organic substances which are not used as solvents (including composting and other biological transformation processes)"
"130","SEPA","SR152013116","Plastic","S","Avanti Environmental Group Ltd","3476148","Cancelled","01/01/2015","01/02/2016","Balquharn Farm ALVA Clackmannanshire FK12 5NZ","R3 Recycling/reclamation of organic substances which are not used as solvents (including composting and other biological transformation processes)"
"131","SEPA","SR1520050013","Plastic","L","Mainetti (UK) Ltd","SC170666","Cancelled","01/01/2015","01/02/2016","Wrexham Industrial Estate WREXHAM WREXHAM LL13 0TS","R3 Recycling/reclamation of organic substances which are not used as solvents (including composting and other biological transformation processes)"
"132","EA","ER152010124","Steel","L","Earthminded UK Ltd","5961878","Suspended","01/01/2015","01/01/2016","Earthminded UK Ltd BRISTOL BS11 9EX","R4 Recycling/reclamation of metals and metal compounds"
"133","EA","ER152010159","Steel","L","ERVIN AMASTEEL","2830693","Active","28/01/2015","28/01/2015","George Henry Road TIPTON West Midlands DY4 7BZ","R4 Recycling/reclamation of metals and metal compounds"
"134","EA","ER152012127","Steel","L","SAHAVIRIYA STEEL INDUSTRIES
UK LIMITED","07381674","Active","01/01/2015","01/01/2015","SSI UK LTD REDCAR Cleveland TS10 5QW","R4 Recycling/reclamation of metals and metal compounds"
"135","EA","ER1519982","Steel","L","Tata Steel UK Ltd","2280000","Cancelled","01/01/2015","08/12/2015","1 Ramsden Road HEREFORD Herefordshire HR2 6LR","R3 Recycling/reclamation of organic substances which are not used as solvents (including composting and other biological transformation processes)"
"136","EA","ER15199825","Steel","L","Tata Steel UK Ltd","2280000","Active","01/01/2015","01/01/2015","1 Ramsden Road HEREFORD Herefordshire HR2 6LR","R3 Recycling/reclamation of organic substances which are not used as solvents (including composting and other biological transformation processes)"
"137","NRW","WR15199868","Steel","L","AMG Resources Ltd","1516685","Active","01/01/2015","01/01/2015","Nevills Dock LLANELLI Carmarthen SA15 2HD","R4 Recycling/reclamation of metals and metal compounds"
"138","NRW","WR152004452","Steel","L","Celsa Manufacturing (UK) Ltd","04577881","Active","01/01/2015","01/01/2015","Meltshop, Tremorfa Works CARDIFF Glamorgan CF24 5TH","R4 Recycling/reclamation of metals and metal compounds"
"139","NRW","WR15199870","Steel","L","Tata Steel UK Ltd","2280000","Active","01/01/2015","01/01/2015","Tata Steel UK Ltd PORT TALBOT West Glamorgan SA13 2NG","R4 Recycling/reclamation of metals and metal compounds"
"140","EA","ER152009190","Wood","L","Arden Wood Shavings Limited","2592924","Active","01/01/2015","01/01/2015","Arden Wood Shavings Ltd SOLIHULL B92 0LP","R3 Recycling/reclamation of organic substances which are not used as solvents (including composting and other biological transformation processes)"
"141","EA","ER151998286","Wood","L","Egger (UK) Limited","2813369","Active","01/01/2015","01/01/2015","Anick Grange Road HEXHAM Northumberland NE46 4JS","R3 Recycling/reclamation of organic substances which are not used as solvents (including composting and other biological transformation processes)"
"142","EA","ER152015109","Wood","L","Enva Wood Recycling Manchester
Ltd","7462747","Active","01/01/2015","01/01/2015","Lumm Farm MANCHESTER M43 7LB","R3 Recycling/reclamation of organic substances which are not used as solvents (including composting and other biological transformation processes)"
"143","EA","ER152004466","Wood","L","Giffords Property Limited","2305307","Active","01/01/2015","01/01/2015","Giffords Way WEST BROMWICH West Midlands B70 7JR","R3 Recycling/reclamation of organic substances which are not used as solvents (including composting and other biological transformation processes)"
"144","EA","ER151998262","Wood","L","Mendip Woodshavings Ltd","4158389","Active","01/01/2015","01/01/2015","Charterhouse Factory BRISTOL Somerset BS40 7XS","R3 Recycling/reclamation of organic substances which are not used as solvents (including composting and other biological transformation processes)"
"145","EA","ER152014121","Wood","L","Norbord Europe Ltd","7886600","Active","01/01/2015","01/01/2015","Nadder Lane SOUTH MOLTON Devon EX36 4HP","R3 Recycling/reclamation of organic substances which are not used as solvents (including composting and other biological transformation processes)"
"146","NRW","WR151998255","Wood","L","Kronospan Ltd","00981905","Active","01/01/2015","01/01/2015","Kronospan Ltd CHIRK Wrexham LL14 5NT","R3 Recycling/reclamation of organic substances which are not used as solvents (including composting and other biological transformation processes)"
"147","NRW","WR151998294","Wood","S","Marlin Industries (Wrexham) Ltd","2831738","Active","01/01/2015","01/01/2015","Davy Way WREXHAM WREXHAM LL12 0PG","R3 Recycling/reclamation of organic substances which are not used as solvents (including composting and other biological transformation processes)"
"148","NIEA","NR152007001","Wood","S","Eglinton (Timber Products) Ltd","NI019444","Active","01/01/2015","01/01/2015","Eglinton (Timber Products) Ltd EGLINTON Co Londonderry BT47 3PY","R3 Recycling/reclamation of organic substances which are not used as solvents (including composting and other biological transformation processes)"
"149","SEPA","SR1520020017","Wood","L","Egger (Barony) Ltd","2813369","Cancelled","01/01/2015","01/02/2016","Egger (UK) Ltd AUCHINLECK Ayrshire KA182LL","R3 Recycling/reclamation of organic substances which are not used as solvents (including composting and other biological transformation processes)"
"150","SEPA","SR1519980016","Wood","L","Enva Timber Recycling Limited","SC151345","Cancelled","01/01/2015","01/02/2016","49 Burnbrae Rd, Linwood Industrial Estate LINWOOD RENFREWSHIRE PA3 3BD","R3 Recycling/reclamation of organic substances which are not used as solvents (including composting and other biological transformation processes)"
"151","SEPA","SR1519980015","Wood","L","West Fraser Europe Limited","7886600","Cancelled","01/01/2015","01/02/2016","Norbord Limited COWIE Stirlingshire FK7 7BQ","R3 Recycling/reclamation of organic substances which are not used as solvents (including composting and other biological transformation processes)"
"152","EA","EX152014138","Aluminium","L","Alutrade Ltd","1806258","Active","01/01/2015","01/01/2015","Langley Forge House OLDBURY West Midlands B69 4NH","R4 Recycling/reclamation of metals and metal compounds"
"153","EA","EX152013166","Aluminium","L","Asia Global Trade Ltd","4711414","Active","01/01/2015","01/01/2015","Crown House LONDON W14 8TH","R4 Recycling/reclamation of metals and metal compounds"
"154","EA","EX152015127","Aluminium","L","Blue Phoenix Ltd","03290431","Active","01/01/2015","01/01/2015","1 Victoria Stables BOURNE Lincolnshire PE10 9JZ","R4 Recycling/reclamation of metals and metal compounds"
"155","EA","EX152015148","Aluminium","S","Britannia Beverages Ltd","07132261","Active","04/11/2015","04/11/2015","Unit 3 LONDON London NW10 7RT","R4 Recycling/reclamation of metals and metal compounds"
"156","EA","EX152015144","Aluminium","L","Dartmouth Global Trading Co Ltd","03470689","Active","03/08/2015","03/08/2015","Woodside Works DUDLEY DY2 0AF","R4 Recycling/reclamation of metals and metal compounds"
"157","EA","EX152015131","Aluminium","L","Day Group Ltd","0432417","Active","13/03/2015","13/03/2015","Day Group Ltd BRENTFORD Middlesex TW8 9HF","R4 Recycling/reclamation of metals and metal compounds"
"158","EA","EX152010127","Aluminium","L","Donald Ward Ltd","1292288","Active","01/01/2015","01/01/2015","Griffon Road ILKESTON Derbyshire DE7 4RF","R4 Recycling/reclamation of metals and metal compounds"
"159","EA","EX152014112","Aluminium","L","Ecosky Environmental Solutions Ltd","6850974","Active","01/01/2015","06/03/2015","Davenport House LONDON E14 9RP","R4 Recycling/reclamation of metals and metal compounds"
"160","EA","EX152008125","Aluminium","L","Eurokey Recycling Ltd","03089592","Active","01/01/2015","01/01/2015","Kelsall House TELFORD Shropshire TF3 3BD","R4 Recycling/reclamation of metals and metal compounds"
"161","EA","EX1519991","Aluminium","L","European Metal Recycling Ltd","02954623","Active","01/01/2015","01/01/2015","Sirius House WARRINGTON WA5 7NS","R4 Recycling/reclamation of metals and metal compounds"
"162","EA","EX152006668","Aluminium","L","McCarthy (UK) Ltd","3024621","Active","01/01/2015","01/01/2015","McCarthy (U.K.) Ltd BUCKLAND NEWTON Dorset DT2 7BY","R4 Recycling/reclamation of metals and metal compounds"
"163","EA","EX152009171","Aluminium","L","Monoworld Ltd","4080642","Active","01/01/2015","01/01/2015","Monoworld Business Park Sharnbrook Bedfordshire MK44 1NB","R4 Recycling/reclamation of metals and metal compounds"
"164","EA","EX152015138","Aluminium","S","Monoworld Recycling Ltd","06320557","Active","01/01/2015","16/11/2015","19-26 Sanders Lodge Industrial Estate RUSHDEN Northamptonshire NN10 6BQ","R4 Recycling/reclamation of metals and metal compounds"
"165","EA","EX152014136","Aluminium","L","Recycling Lives Limited","03783452","Active","09/01/2015","09/03/2015","Recycling Lives Limited PRESTON Lancashire PR2 5BX","R4 Recycling/reclamation of metals and metal compounds"
"166","EA","EX152010129","Aluminium","L","Roydon Resource Recovery Ltd","3852634","Active","01/01/2015","01/01/2015","Units 1 - 3 SWINTON Manchester M27 8LU","R4 Recycling/reclamation of metals and metal compounds"
"167","EA","EX152007785","Aluminium","L","S Norton & Co Ltd","1859428","Active","01/01/2015","01/01/2015","Bankfield House LIVERPOOL Merseyside L20 8RQ","R4 Recycling/reclamation of metals and metal compounds"
"168","EA","EX152010151","Aluminium","L","Sackers Limited","01526052","Active","01/01/2015","01/01/2015","Railway sidings IPSWICH Suffolk IP6 0JB","R4 Recycling/reclamation of metals and metal compounds"
"169","EA","EX152015114","Aluminium","S","Sam Magnet UK Ltd","07131840","Active","01/01/2015","01/01/2015","11 LAUREL CLOSE LUTON Bedfordshire LU4 9FB","R4 Recycling/reclamation of metals and metal compounds"
"170","EA","EX152014115","Aluminium","S","Sun Recycling Ltd","05315322","Active","01/01/2015","01/01/2015","Unit 17 MANCHESTER Lancashire M17 1EH","R4 Recycling/reclamation of metals and metal compounds"
"171","EA","EX152010122","Aluminium","L","Tom Martin & Company Ltd","00990667","Active","06/02/2015","06/02/2015","123 Seedlee Road, PRESTON Lancashire PR5 8AE","R4 Recycling/reclamation of metals and metal compounds"
"172","EA","EX152015150","Aluminium","S","Total Commodities Ltd","6407218","Active","01/12/2015","01/12/2015","Devonshire House STANMORE Middlesex HA7 1JS","R4 Recycling/reclamation of metals and metal compounds"
"173","EA","EX152013159","Aluminium","L","UN GLOBAL TRADING LIMITED","7442777","Active","20/07/2015","20/07/2015","VISTA CENTRE, 50 SALISBURY ROAD HOUNSLOW middlesex TW46JQ","R4 Recycling/reclamation of metals and metal compounds"
"174","EA","EX15200127","Aluminium","L","Unimetals Recycling (UK) Limited","3242331","Active","01/01/2015","01/01/2015","Long Marston STRATFORD-UPON-AVON Warwickshire CV37 8AQ","R4 Recycling/reclamation of metals and metal compounds"
"175","EA","EX152005119","Aluminium","L","Valpak Recycling Ltd","04683865","Active","01/01/2015","01/01/2015","Stratford Business Park STRATFORD-UPON-AVON Warwickshire CV37 7GW","R4 Recycling/reclamation of metals and metal compounds"
"176","EA","EX152009123","Aluminium","L","Viridor Resource Management Ltd","3649069","Active","01/01/2015","01/01/2015","Ashford House Grenadier Road EXETER EX1 3LH","R4 Recycling/reclamation of metals and metal compounds"
"177","NRW","WX152014704","Aluminium","L","Ecogen Commodities Limited","09002868","Suspended","23/02/2015","30/07/2015","THE MALTINGS CARDIFF SOUTH GLAMORGAN CF24 5EZ","R4 Recycling/reclamation of metals and metal compounds"
"178","NRW","WX152015703","Aluminium","S","Reddy Pai Metals Limited","07858597","Active","01/01/2015","01/01/2015","Regus 1 Capital Quarter CARDIFF CF10 4BQ","R4 Recycling/reclamation of metals and metal compounds"
"179","NIEA","NX152009104","Aluminium","L","Re-Gen Limited","NI 44110","Active","01/01/2015","01/01/2015","Unit 7 Shepherd's Drive, NEWRY Down BT35 6JQ","R4 Recycling/reclamation of metals and metal compounds"
"180","SEPA","SX1519990001","Aluminium","L","John R Adam & Sons Limited","SC030140","Cancelled","01/01/2015","01/02/2016","RIVERSIDE BERTH, GLASGOW G51 4SD","R4 Recycling/reclamation of metals and metal compounds"
"181","SEPA","SX152014101","Aluminium","L","Robertson Metals Recycling Limited","SC105027","Cancelled","01/01/2015","01/02/2016","Inverkeithing Scrap Terminal INVERKEITHING Fife KY11 1HL","R4 Recycling/reclamation of metals and metal compounds"
"182","SEPA","SX152013111","Aluminium","S","WRC Recycling","SC370000","Cancelled","01/01/2015","01/02/2016","45 INCHINNAN Renfrew PA49RR","R4 Recycling/reclamation of metals and metal compounds"
"183","EA","EX152015122","EfW","L","Andusia Recovered Fuels Ltd","7957675","Active","13/04/2015","13/04/2015","The Townhouse HERTFORD Herts SG14 1AJ","R1 Use principally as a fuel or other means to generate energy"
"184","EA","EX152015149","EfW","L","Biffa Waste Services Ltd","00946107","Active","23/11/2015","23/11/2015","Coronation Road HIGH WYCOMBE Buckinghamshire HP12 3TZ","R1 Use principally as a fuel or other means to generate energy"
"185","EA","EX152014123","EfW","L","Suez Recycling and Recovery UK
Ltd","2291198","Active","01/01/2015","01/01/2015","SUEZ Recycling and Recovery UK Ltd MAIDENHEAD Berkshire SL61ES","R1 Use principally as a fuel or other means to generate energy"
"186","NIEA","NX152014101","EfW","L","Re-Gen Limited","NI 44110","Active","01/01/2015","01/01/2015","Unit 7 Shepherd's Drive, NEWRY Down BT35 6JQ","R1 Use principally as a fuel or other means to generate energy"
"187","NIEA","NX152013108","Glass Other","L","RecyCo","NI049526","Active","01/01/2015","01/01/2015","89 Barony Road OMAGH Co Tyrone BT79 7QG","R5 Recycling/reclamation of other inorganic materials"
"188","NIEA","NX152013103","Glass Other","L","Re-Gen Limited","NI 44110","Active","01/01/2015","01/01/2015","Unit 7 Shepherd's Drive, NEWRY Down BT35 6JQ","R5 Recycling/reclamation of other inorganic materials"
"189","SEPA","SX152015101","Glass Other","L","MKD32 Limited","08342873","Cancelled","01/01/2015","01/02/2016","321 Aikenhead Road GLASGOW G42 0PE","R5 Recycling/reclamation of other inorganic materials"
"190","EA","EX152013177","Glass Re-melt","L","Biffa Waste Services Ltd","00946107","Active","23/02/2015","23/02/2015","Coronation Road HIGH WYCOMBE Buckinghamshire HP12 3TZ","R5 Recycling/reclamation of other inorganic materials"
"191","EA","EX152013132","Glass Re-melt","L","Day Group Ltd","00432417","Active","01/01/2015","01/01/2015","Transport Avenue BRENTFORD Middlesex TW8 9HF","R5 Recycling/reclamation of other inorganic materials"
"192","EA","EX152013150","Glass Re-melt","S","Glass Recycling (UK) Ltd","1169515","Active","01/01/2015","01/01/2015","418 carlton road BARNSLEY south yorks S71 3HX","R5 Recycling/reclamation of other inorganic materials"
"193","EA","EX152013161","Glass Re-melt","L","INGS ENVIRONMENTAL LIMITED","7858230","Active","01/01/2015","01/01/2015","Kingslodge FAIRBURN NorthYorkshire WF11 9JA","R5 Recycling/reclamation of other inorganic materials"
"194","EA","EX152013137","Glass Re-melt","L","McCarthy (UK) Ltd","3024621","Active","01/01/2015","01/01/2015","McCarthy (U.K.) Ltd BUCKLAND NEWTON Dorset DT2 7BY","R5 Recycling/reclamation of other inorganic materials"
"195","EA","EX152015107","Glass Re-melt","L","Recresco Ltd (3)","4066165","Active","01/01/2015","01/01/2015","Recresco Ltd KIRKBY-IN-ASHFIELD Nottinghamshire NG17 8AP","R5 Recycling/reclamation of other inorganic materials"
"196","EA","EX152015104","Glass Re-melt","S","Remondis Plastics Recycling UK Ltd","9223417","Active","01/01/2015","01/01/2015","Rhenus Logistics MANCHESTER Greater Manchester M307RF","R5 Recycling/reclamation of other inorganic materials"
"197","EA","EX152013158","Glass Re-melt","L","Silica Developments Ltd","07892545","Active","01/01/2015","08/03/2015","4 TROWBRIDGE Wiltshire BA14 9BD","R5 Recycling/reclamation of other inorganic materials"
"198","EA","EX152014125","Glass Re-melt","L","Suez Recycling and Recovery UK
Ltd","2291198","Active","01/01/2015","01/01/2015","SUEZ Recycling and Recovery UK Ltd MAIDENHEAD Berkshire SL61ES","R5 Recycling/reclamation of other inorganic materials"
"199","EA","EX152013147","Glass Re-melt","L","URM UK Ltd t/a Berryman","4084246","Active","01/01/2015","01/01/2015","Lidgate Crescent SOUTH KIRKBY West Yorkshire WF9 3NR","R5 Recycling/reclamation of other inorganic materials"
"200","EA","EX152013148","Glass Re-melt","L","Valpak Recycling Ltd","04683865","Active","01/01/2015","01/01/2015","Stratford Business Park STRATFORD-UPON-AVON Warwickshire CV37 7GW","R5 Recycling/reclamation of other inorganic materials"
"201","EA","EX152015125","Glass Re-melt","L","Veolia ES (UK) Ltd","02481991","Active","20/05/2015","20/05/2015","Kingswood House CANNOCK Staffordshire WS11 8JP","R5 Recycling/reclamation of other inorganic materials"
"202","EA","EX152013184","Glass Re-melt","L","Viridor Resource Management Ltd","3649069","Active","01/01/2015","01/01/2015","Ashford House Grenadier Road EXETER EX1 3LH","R5 Recycling/reclamation of other inorganic materials"
"203","NIEA","NX152013107","Glass Re-melt","L","RecyCo","NI049526","Active","01/01/2015","01/01/2015","89 Barony Road OMAGH Co Tyrone BT79 7QG","R5 Recycling/reclamation of other inorganic materials"
"204","NIEA","NX152013102","Glass Re-melt","L","Re-Gen Limited","NI 44110","Active","01/01/2015","01/01/2015","Unit 7 Shepherd's Drive, NEWRY Down BT35 6JQ","R5 Recycling/reclamation of other inorganic materials"
"205","SEPA","SX152014104","Glass Re-melt","L","MKD32 Limited","08342873","Cancelled","01/01/2015","01/02/2016","321 Aikenhead Road GLASGOW G42 0PE","R5 Recycling/reclamation of other inorganic materials"
"206","EA","EX152009213","Paper/board","L","Cycle Link (UK) Limited","6903278","Active","01/01/2015","01/01/2015","6 LORDS COURT BASILDON United Kingdom SS13 1SS","R3 Recycling/reclamation of organic substances which are not used as solvents (including composting and other biological transformation processes)"
"207","EA","EX152005107","Paper/board","L","Failand Paper Services Ltd","1720270","Suspended","24/02/2015","28/10/2015","Failand Paper Services Ltd BRISTOL BS8 1SB","R3 Recycling/reclamation of organic substances which are not used as solvents (including composting and other biological transformation processes)"
"208","EA","EX152005109","Paper/board","L","Independent Waste Paper
Producers Ltd","1247369","Active","01/01/2015","01/01/2015","Heritage House, DAVENTRY Northants NN11 4GD","R3 Recycling/reclamation of organic substances which are not used as solvents (including composting and other biological transformation processes)"
"209","EA","EX15200213","Paper/board","L","International Forest Products (UK)
Ltd","00743374","Active","01/01/2015","01/01/2015","St. Anne's House NEWBURY Berkshire RG14 1JQ","R3 Recycling/reclamation of organic substances which are not used as solvents (including composting and other biological transformation processes)"
"210","EA","EX15200211","Paper/board","L","International Recovered Paper Ltd","3947775","Active","01/01/2015","01/01/2015","239 Kensington Hight Street LONDON LONDON W8 6SN","R3 Recycling/reclamation of organic substances which are not used as solvents (including composting and other biological transformation processes)"
"211","EA","EX15200120","Paper/board","L","J&H Sales International Ltd","2495404","Active","01/01/2015","01/01/2015","11a Cambridge Park WANSTEAD London E11 2PU","R3 Recycling/reclamation of organic substances which are not used as solvents (including composting and other biological transformation processes)"
"212","EA","EX152008115","Paper/board","L","Mark Lyndon Paper Enterprises UK
Ltd","6287200","Active","01/01/2015","01/01/2015","12 The Triangle NOTTINGHAM Nottinghamshire NG2 1AE","R3 Recycling/reclamation of organic substances which are not used as solvents (including composting and other biological transformation processes)"
"213","EA","EX152006670","Paper/board","L","McCarthy (UK) Ltd","3024621","Active","01/01/2015","01/01/2015","McCarthy (U.K.) Ltd BUCKLAND NEWTON Dorset DT2 7BY","R3 Recycling/reclamation of organic substances which are not used as solvents (including composting and other biological transformation processes)"
"214","EA","EX152006653","Paper/board","L","MLM Ltd","5372017","Active","01/01/2015","01/01/2015","Landmark House CHEADLE HULME Cheshire SK8 7BS","R3 Recycling/reclamation of organic substances which are not used as solvents (including composting and other biological transformation processes)"
"215","EA","EX152005113","Paper/board","L","Monoworld Ltd","4080642","Active","01/01/2015","01/01/2015","Monoworld Business Park Sharnbrook Bedfordshire MK44 1NB","R3 Recycling/reclamation of organic substances which are not used as solvents (including composting and other biological transformation processes)"
"216","EA","EX152015137","Paper/board","S","Monoworld Recycling Ltd","06320557","Active","23/07/2015","16/11/2015","19-26 Sanders Lodge Industrial Estate RUSHDEN Northamptonshire NN10 6BQ","R3 Recycling/reclamation of organic substances which are not used as solvents (including composting and other biological transformation processes)"
"217","EA","EX152013186","Paper/board","L","Oatley Resources Ltd","07924593","Active","01/01/2015","01/01/2015","Unit 304 DARWEN Lancashire BB31AE","R3 Recycling/reclamation of organic substances which are not used as solvents (including composting and other biological transformation processes)"
"218","EA","EX152014143","Paper/board","S","PGP Polymer Limited","08314387","Active","06/03/2015","06/03/2015","45-49 Rough Hey Road PRESTON Lancashire PR2 5AR","R3 Recycling/reclamation of organic substances which are not used as solvents (including composting and other biological transformation processes)"
"219","EA","EX152008111","Paper/board","L","Smurfit Kappa UK Ltd","1017013","Active","01/01/2015","01/01/2015","Amington House, 17 Galena Close TAMWORTH B77 4AS","R3 Recycling/reclamation of organic substances which are not used as solvents (including composting and other biological transformation processes)"
"220","EA","EX152014124","Paper/board","L","Suez Recycling and Recovery UK
Ltd","2291198","Active","01/01/2015","01/01/2015","SUEZ Recycling and Recovery UK Ltd MAIDENHEAD Berkshire SL61ES","R3 Recycling/reclamation of organic substances which are not used as solvents (including composting and other biological transformation processes)"
"221","EA","EX15200319","Paper/board","L","Valpak Recycling Ltd","04683865","Active","01/01/2015","01/01/2015","Stratford Business Park STRATFORD-UPON-AVON Warwickshire CV37 7GW","R3 Recycling/reclamation of organic substances which are not used as solvents (including composting and other biological transformation processes)"
"222","EA","EX152009180","Paper/board","L","Vipa Lausanne SA","00866521","Active","21/01/2015","21/01/2015","GALERIES BENJAMIN-CONSTANT, 1 VAUD 1002 LAUSANNE N6 4DJ","R3 Recycling/reclamation of organic substances which are not used as solvents (including composting and other biological transformation processes)"
"223","EA","EX152009104","Paper/board","L","Viridor Resource Management Ltd","3649069","Active","01/01/2015","01/01/2015","Ashford House Grenadier Road EXETER EX1 3LH","R3 Recycling/reclamation of organic substances which are not used as solvents (including composting and other biological transformation processes)"
"224","EA","EX152013178","Paper/board","L","Visy Recycling Europe Ltd","07199767","Active","12/01/2015","12/01/2015","2 New Street Square LONDON EC4A 3BZ","R3 Recycling/reclamation of organic substances which are not used as solvents (including composting and other biological transformation processes)"
"225","EA","EX152007774","Paper/board","L","Wai Sang (Europe) Recycle Ltd","04966801","Active","01/01/2015","01/01/2015","UNIT 6 VALE PARK IND EST CRUMPSALL MANCHESTER M8 0GF","R3 Recycling/reclamation of organic substances which are not used as solvents (including composting and other biological transformation processes)"
"226","EA","EX15200122","Paper/board","L","Williams Recycling UK Ltd","2748860","Active","01/01/2015","29/04/2015","A5 WATLING STREET BURBAGE Leicestershire LE10 3AR","R3 Recycling/reclamation of organic substances which are not used as solvents (including composting and other biological transformation processes)"
"227","NRW","WX152013162","Paper/board","L","D S Smith Recycling","00214967","Active","01/01/2015","01/01/2015","DS Smith Recycling UK Ltd CARPHILLY CARPHILLY CF83 2AX","R3 Recycling/reclamation of organic substances which are not used as solvents (including composting and other biological transformation processes)"
"228","NRW","WX152014703","Paper/board","L","Ecogen Commodities Limited","09002868","Suspended","23/02/2015","30/07/2015","THE MALTINGS CARDIFF SOUTH GLAMORGAN CF24 5EZ","R3 Recycling/reclamation of organic substances which are not used as solvents (including composting and other biological transformation processes)"
"229","NRW","WX15200323","Paper/board","L","Paper Trade Ltd","4795100","Active","01/01/2015","01/01/2015","15TH FLOOR CARDIFF CF24 0EB","R3 Recycling/reclamation of organic substances which are not used as solvents (including composting and other biological transformation processes)"
"230","NIEA","NX152015102","Paper/board","L","Leinster Environmentals (UK)
Limited","NI613594","Active","20/07/2015","20/07/2015","Dromalane NEWRY Down BT35 8QS","R3 Recycling/reclamation of organic substances which are not used as solvents (including composting and other biological transformation processes)"
"231","NIEA","NX152009103","Paper/board","L","Re-Gen Limited","NI 44110","Active","01/01/2015","01/01/2015","Unit 7 Shepherd's Drive, NEWRY Down BT35 6JQ","R3 Recycling/reclamation of organic substances which are not used as solvents (including composting and other biological transformation processes)"
"232","SEPA","SX152013110","Paper/board","S","WRC Recycling","SC370000","Cancelled","01/01/2015","01/02/2016","45 INCHINNAN Renfrew PA49RR","R3 Recycling/reclamation of organic substances which are not used as solvents (including composting and other biological transformation processes)"
"233","EA","EX152009179","Plastic","L","99P Recycling Limited","6090301","Active","01/01/2015","01/01/2015","Office 3/13 MANCHESTER Lancashire M35 9BG","R3 Recycling/reclamation of organic substances which are not used as solvents (including composting and other biological transformation processes)"
"234","EA","EX152008117","Plastic","L","AGYL LTD","04957212","Active","01/01/2015","01/01/2015","Unit F12A LONDON London E16 1AH","R3 Recycling/reclamation of organic substances which are not used as solvents (including composting and other biological transformation processes)"
"235","EA","EX152014108","Plastic","L","All Express Industry Ltd","6672341","Active","05/01/2015","05/01/2015","UNIT 11, BAYS 1 &2 BIRMINGHAM uk B64 5QT","R3 Recycling/reclamation of organic substances which are not used as solvents (including composting and other biological transformation processes)"
"236","EA","EX152013168","Plastic","L","Asia Global Trade Ltd","4711414","Active","01/01/2015","01/01/2015","Crown House LONDON W14 8TH","R3 Recycling/reclamation of organic substances which are not used as solvents (including composting and other biological transformation processes)"
"237","EA","EX152014122","Plastic","L","Bolton Brothers Ltd","3745354","Active","01/01/2015","01/01/2015","Bramford Road IPSWICH Suffolk IP6 0SL","R3 Recycling/reclamation of organic substances which are not used as solvents (including composting and other biological transformation processes)"
"238","EA","EX152014155","Plastic","S","BW Recycling Ltd","08094989","Active","04/03/2015","09/04/2015","Cinder hill works HALIFAX West yorkshire HX3 9JR","R3 Recycling/reclamation of organic substances which are not used as solvents (including composting and other biological transformation processes)"
"239","EA","EX15199931","Plastic","L","Choice Packaging Solutions Ltd","3379742","Active","01/01/2015","01/01/2015","Choice Packaging Solutions Limited MILTON KEYNES Buckinghamshire MK11 3DP","R3 Recycling/reclamation of organic substances which are not used as solvents (including composting and other biological transformation processes)"
"240","EA","EX152011106","Plastic","L","Choice Trading International Ltd","5210770","Active","01/01/2015","01/01/2015","Denmark House MILTON KEYNES Buckinghamshire MK11 3DP","R3 Recycling/reclamation of organic substances which are not used as solvents (including composting and other biological transformation processes)"
"241","EA","EX152013193","Plastic","S","CK Polymers (Asia) Limited","1910224","Suspended","01/01/2015","16/05/2017","Flat G, 7/F High Win Factory Building KOWLOON LN8 6HF","R3 Recycling/reclamation of organic substances which are not used as solvents (including composting and other biological transformation processes)"
"242","EA","EX152008131","Plastic","L","CK Polymers (Hong Kong) Limited","X855991","Active","01/01/2015","01/01/2015","Flat G, 7/F KWUN TONG LN8 6HF","R3 Recycling/reclamation of organic substances which are not used as solvents (including composting and other biological transformation processes)"
"243","EA","EX152013108","Plastic","L","CKN Holdings Limited","02560812","Active","01/01/2015","01/01/2015","Unit 5 MARKET RASEN Lincolnshire LN8 6HF","R3 Recycling/reclamation of organic substances which are not used as solvents (including composting and other biological transformation processes)"
"244","EA","EX152015133","Plastic","L","Clearpoint Recycling Ltd","8027964","Active","17/07/2015","17/07/2015","12 Haywra Street HARROGATE North Yorkshire HG1 5BJ","R3 Recycling/reclamation of organic substances which are not used as solvents (including composting and other biological transformation processes)"
"245","EA","EX152012120","Plastic","L","Cycle Link (UK) Limited","6903278","Active","01/01/2015","01/01/2015","6 LORDS COURT BASILDON United Kingdom SS13 1SS","R3 Recycling/reclamation of organic substances which are not used as solvents (including composting and other biological transformation processes)"
"246","EA","EX15200432","Plastic","S","Dojan Waste Management Services
Ltd","4846278","Active","01/01/2015","01/01/2015","19 School Lane EATON Cheshire CW12 2NG","R3 Recycling/reclamation of organic substances which are not used as solvents (including composting and other biological transformation processes)"
"247","EA","EX152014120","Plastic","L","DTS Trading Limited","08065330","Active","16/01/2015","16/01/2015","20 The Furlong DROITWICH Worcestershire WR9 9AH","R3 Recycling/reclamation of organic substances which are not used as solvents (including composting and other biological transformation processes)"
"248","EA","EX15200450","Plastic","L","ECO Plastics Ltd.","3948149","Cancelled","","01/01/2015","Hemswell Business Park HEMSWELL Lincolnshire DN21 5TU","R3 Recycling/reclamation of organic substances which are not used as solvents (including composting and other biological transformation processes)"
"249","EA","EX152009197","Plastic","L","Ecosky Environmental Solutions Ltd","6850974","Active","01/01/2015","06/03/2015","Davenport House LONDON E14 9RP","R3 Recycling/reclamation of organic substances which are not used as solvents (including composting and other biological transformation processes)"
"250","EA","EX152015110","Plastic","L","Ecotech London Ltd","08573291","Active","01/01/2015","01/01/2015","Fairview Industrial Estate RAINHAM Essex RM13 8UH","R3 Recycling/reclamation of organic substances which are not used as solvents (including composting and other biological transformation processes)"
"251","EA","EX152015128","Plastic","L","EF Plastics UK Ltd","08821335","Active","15/06/2015","15/06/2015","Export Depot METHWOLD Norfolk IP26 4PR","R3 Recycling/reclamation of organic substances which are not used as solvents (including composting and other biological transformation processes)"
"252","EA","EX152015102","Plastic","S","Elixir Export Ltd","09139847","Active","01/01/2015","17/06/2015","Unit 2 HUYTON Merseyside L36 6AP","R3 Recycling/reclamation of organic substances which are not used as solvents (including composting and other biological transformation processes)"
"253","EA","EX152014163","Plastic","L","Emerald Trading Waste Solutions
Ltd","6949795","Active","01/01/2015","01/01/2015","Unit E Aston Road Business Park SHREWSBURY Shropshire SY4 5BA","R3 Recycling/reclamation of organic substances which are not used as solvents (including composting and other biological transformation processes)"
"254","EA","EX15200111","Plastic","L","Eurokey Recycling Ltd","03089592","Active","01/01/2015","01/01/2015","Kelsall House TELFORD Shropshire TF3 3BD","R3 Recycling/reclamation of organic substances which are not used as solvents (including composting and other biological transformation processes)"
"255","EA","EX152014169","Plastic","L","Evolve Polymers Limited","9343045","Active","01/01/2015","01/01/2015","Hemswell Business Park HEMSWELL Lincoln DN21 5TU","R3 Recycling/reclamation of organic substances which are not used as solvents (including composting and other biological transformation processes)"
"256","EA","EX152009209","Plastic","L","Failand Paper Services Ltd","1720270","Suspended","24/02/2015","28/10/2015","Failand Paper Services Ltd BRISTOL BS8 1SB","R3 Recycling/reclamation of organic substances which are not used as solvents (including composting and other biological transformation processes)"
"257","EA","EX152014148","Plastic","L","Forever Recycling UK Ltd","7220495","Active","10/04/2015","10/04/2015","88 Rowrah Crescent MANCHESTER M24 4NW","R3 Recycling/reclamation of organic substances which are not used as solvents (including composting and other biological transformation processes)"
"258","EA","EX152015129","Plastic","L","Gemini Corporation NV","","Active","18/06/2015","18/06/2015","Gemini House ANTWERP A0 0AA","R3 Recycling/reclamation of organic substances which are not used as solvents (including composting and other biological transformation processes)"
"259","EA","EX152014153","Plastic","L","Global Plastic (UK) Ltd","08614293","Active","01/01/2015","01/01/2015","56 Cedar Drive ATTLEBOROUGH NORFOLK NR17 2EY","R3 Recycling/reclamation of organic substances which are not used as solvents (including composting and other biological transformation processes)"
"260","EA","EX152015116","Plastic","L","Green Channel Recycling Ltd","09048390","Active","05/03/2015","05/03/2015","Avon House SOLIHULL West Midland B90 4AA","R3 Recycling/reclamation of organic substances which are not used as solvents (including composting and other biological transformation processes)"
"261","EA","EX152014135","Plastic","L","Greenway Waste Recycling Limited","7281560","Active","01/01/2015","01/01/2015","Recycling House TELFORD Shropshire TF1 5HW","R3 Recycling/reclamation of organic substances which are not used as solvents (including composting and other biological transformation processes)"
"262","EA","EX152009117","Plastic","L","Ideal Recycling Ltd","05838501","Active","01/01/2015","01/01/2015","1119A Ashton Old Road MANCHESTER LANCASHIRE M11 1AA","R3 Recycling/reclamation of organic substances which are not used as solvents (including composting and other biological transformation processes)"
"263","EA","EX152008130","Plastic","L","International Forest Products (UK)
Ltd","00743374","Active","01/01/2015","01/01/2015","St. Anne's House NEWBURY Berkshire RG14 1JQ","R3 Recycling/reclamation of organic substances which are not used as solvents (including composting and other biological transformation processes)"
"264","EA","EX152015145","Plastic","L","J&H Sales International Ltd","2495404","Active","02/11/2015","02/11/2015","11a Cambridge Park WANSTEAD London E11 2PU","R3 Recycling/reclamation of organic substances which are not used as solvents (including composting and other biological transformation processes)"
"265","EA","EX152015108","Plastic","L","J. and A. Young (Leicester) Ltd","01222186","Active","01/01/2015","01/01/2015","15 Saxon Way East CORBY Northamptonshire NN18 9EY","R3 Recycling/reclamation of organic substances which are not used as solvents (including composting and other biological transformation processes)"
"266","EA","EX152010103","Plastic","L","LANDON GLOBAL LTD","05888329","Active","01/01/2015","01/01/2015","40 PRINCESS STREET MANCHESTER LANCASHIRE M1 6DE","R3 Recycling/reclamation of organic substances which are not used as solvents (including composting and other biological transformation processes)"
"267","EA","EX152013185","Plastic","L","LEOPARD RECYCLING LTD","08316565","Active","01/01/2015","01/01/2015","Unit 31 SHERBURN-IN-ELMET West Yorkshire LS25 6ES","R3 Recycling/reclamation of organic substances which are not used as solvents (including composting and other biological transformation processes)"
"268","EA","EX152015119","Plastic","S","LIVO Ltd","06508221","Active","27/03/2015","21/07/2015","Ocean House BRACKNELL RG12 1AX","R3 Recycling/reclamation of organic substances which are not used as solvents (including composting and other biological transformation processes)"
"269","EA","EX152013170","Plastic","L","Love Waste Limited","7550339","Active","06/01/2015","06/01/2015","1 Warburton Hey RAINHILL Merseyside L35 4LE","R3 Recycling/reclamation of organic substances which are not used as solvents (including composting and other biological transformation processes)"
"270","EA","EX152014128","Plastic","L","Lovell Recycling Ltd","07286174","Active","01/01/2015","01/01/2015","Unit 7 Epic Park TELFORD Shropshire TF74BF","R3 Recycling/reclamation of organic substances which are not used as solvents (including composting and other biological transformation processes)"
"271","EA","EX152014154","Plastic","L","Lynx Recycling & Recovery Ltd","07287499","Active","05/03/2015","05/03/2015","Lynx Recycling & Recovery Limited GRIMSBY Lincolnshire DN41 8DT","R3 Recycling/reclamation of organic substances which are not used as solvents (including composting and other biological transformation processes)"
"272","EA","EX152009217","Plastic","L","MLM Ltd","5372017","Active","01/01/2015","01/01/2015","Landmark House CHEADLE HULME Cheshire SK8 7BS","R3 Recycling/reclamation of organic substances which are not used as solvents (including composting and other biological transformation processes)"
"273","EA","EX15200217","Plastic","L","Monoworld Ltd","4080642","Active","01/01/2015","01/01/2015","Monoworld Business Park Sharnbrook Bedfordshire MK44 1NB","R3 Recycling/reclamation of organic substances which are not used as solvents (including composting and other biological transformation processes)"
"274","EA","EX152015140","Plastic","S","Monoworld Recycling Ltd","06320557","Active","23/07/2015","16/11/2015","19-26 Sanders Lodge Industrial Estate RUSHDEN Northamptonshire NN10 6BQ","R3 Recycling/reclamation of organic substances which are not used as solvents (including composting and other biological transformation processes)"
"275","EA","EX152005163","Plastic","L","Moore's Recycling Ltd","02544707","Active","01/01/2015","01/01/2015","Manor Road FROME Somerset BA11 4BG","R3 Recycling/reclamation of organic substances which are not used as solvents (including composting and other biological transformation processes)"
"276","EA","EX152015113","Plastic","L","Nevis Resources Ltd","09357244","Active","04/02/2015","04/02/2015","Unit 30, Innovation House BISHOP AUCKLAND County Durham DL14 6XB","R3 Recycling/reclamation of organic substances which are not used as solvents (including composting and other biological transformation processes)"
"277","EA","EX152014103","Plastic","S","NEW DAY RECYCLING LTD","8190172","Active","08/01/2015","08/01/2015","3 Warwick Court STOKE PRIOR Bromsgrove B60 4AD","R3 Recycling/reclamation of organic substances which are not used as solvents (including composting and other biological transformation processes)"
"278","EA","EX152015123","Plastic","L","Newport CH International LLC","5596479","Active","28/04/2015","28/04/2015","3 More London Riverside LONDON Greater London SE1 2RE","R3 Recycling/reclamation of organic substances which are not used as solvents (including composting and other biological transformation processes)"
"279","EA","EX152013187","Plastic","L","Oatley Resources Ltd","07924593","Active","01/01/2015","01/01/2015","Unit 304 DARWEN Lancashire BB31AE","R3 Recycling/reclamation of organic substances which are not used as solvents (including composting and other biological transformation processes)"
"280","EA","EX152014146","Plastic","S","PGP Polymer Limited","08314387","Active","06/03/2015","06/03/2015","45-49 Rough Hey Road PRESTON Lancashire PR2 5AR","R3 Recycling/reclamation of organic substances which are not used as solvents (including composting and other biological transformation processes)"
"281","EA","EX152015101","Plastic","L","Plastic Expert Ltd","07195936","Active","01/01/2015","01/01/2015","Concept Park TOWCESTER Northamptonshire NN12 7YD","R3 Recycling/reclamation of organic substances which are not used as solvents (including composting and other biological transformation processes)"
"282","EA","EX152015151","Plastic","S","Plasticity (Worldwide) Ltd","09718415","Active","10/12/2015","10/12/2015","Hangar No.1 LICHFIELD Staffordshire WS13 8EN","R3 Recycling/reclamation of organic substances which are not used as solvents (including composting and other biological transformation processes)"
"283","EA","EX152015120","Plastic","S","Plastics Reclamation Ltd","5537424","Active","02/04/2015","02/04/2015","34 WHITLEY BAY Tyne and Wear NE25 8BL","R3 Recycling/reclamation of organic substances which are not used as solvents (including composting and other biological transformation processes)"
"284","EA","EX152012123","Plastic","L","PPS Recovery Systems Ltd","2484081","Active","01/01/2015","01/01/2015","1 Metro Centre PETERBOROUGH Cambs PE2 7UH","R3 Recycling/reclamation of organic substances which are not used as solvents (including composting and other biological transformation processes)"
"285","EA","EX152014127","Plastic","S","Puzhou International Ltd","06971257","Active","25/02/2015","25/02/2015","St Peters Gate SUNDERLAND Tyne & Wear SR6 0AN","R3 Recycling/reclamation of organic substances which are not used as solvents (including composting and other biological transformation processes)"
"286","EA","EX152015142","Plastic","L","Ravago Manufacturing UK Ltd","4789043","Active","29/07/2015","29/07/2015","WEST BRIDGEWATER STREET LEIGH LANCASHIRE WN74HB","R3 Recycling/reclamation of organic substances which are not used as solvents (including composting and other biological transformation processes)"
"287","EA","EX152009115","Plastic","L","Regenthill Limited","3766746","Active","01/01/2015","01/01/2015","Fyfield Road ANDOVER Hampshire SP118DN","R3 Recycling/reclamation of organic substances which are not used as solvents (including composting and other biological transformation processes)"
"288","EA","EX152015105","Plastic","S","Remondis Plastics Recycling UK Ltd","9223417","Active","01/01/2015","01/01/2015","Rhenus Logistics MANCHESTER Greater Manchester M307RF","R3 Recycling/reclamation of organic substances which are not used as solvents (including composting and other biological transformation processes)"
"289","EA","EX152014129","Plastic","L","RIS Recycling Trading LTD","08516962","Active","01/01/2015","01/01/2015","5 RAINHAM RM13 8FS","R3 Recycling/reclamation of organic substances which are not used as solvents (including composting and other biological transformation processes)"
"290","EA","EX15199930","Plastic","L","Roydon Resource Recovery Ltd","3852634","Active","02/04/2015","02/04/2015","Units 1 - 3 SWINTON Manchester M27 8LU","R3 Recycling/reclamation of organic substances which are not used as solvents (including composting and other biological transformation processes)"
"291","EA","EX152014104","Plastic","L","S.T GREENDAY LTD","8473623","Active","01/01/2015","10/11/2015","Suite 2, Cranes House BASILDON ESSEX SS14 3DP","R3 Recycling/reclamation of organic substances which are not used as solvents (including composting and other biological transformation processes)"
"292","EA","EX152014141","Plastic","L","Soaroc International Ltd","07729846","Active","05/01/2015","05/01/2015","BizSpace ALTRINCHAM Cheshire WA14 5NQ","R3 Recycling/reclamation of organic substances which are not used as solvents (including composting and other biological transformation processes)"
"293","EA","EX152014126","Plastic","L","Suez Recycling and Recovery UK
Ltd","2291198","Active","01/01/2015","01/01/2015","SUEZ Recycling and Recovery UK Ltd MAIDENHEAD Berkshire SL61ES","R3 Recycling/reclamation of organic substances which are not used as solvents (including composting and other biological transformation processes)"
"294","EA","EX152014117","Plastic","S","Sun Recycling Ltd","05315322","Active","17/03/2015","17/03/2015","Unit 17 MANCHESTER Lancashire M17 1EH","R3 Recycling/reclamation of organic substances which are not used as solvents (including composting and other biological transformation processes)"
"295","EA","EX152013192","Plastic","L","TDG RECYCLED PLASTICS LIMITED","5033241","Active","01/01/2015","01/01/2015","Hereford House HEREFORD Herefordshire HR1 2LL","R3 Recycling/reclamation of organic substances which are not used as solvents (including composting and other biological transformation processes)"
"296","EA","EX152015132","Plastic","L","Tian Ma Trading Ltd","07700682","Active","16/07/2015","16/07/2015","Unit 6 BRIDGWATER Somerset TA6 4FF","R3 Recycling/reclamation of organic substances which are not used as solvents (including composting and other biological transformation processes)"
"297","EA","EX152012116","Plastic","S","Tippabush Limited T/A Green Ant
Plastic Recycling","4962098","Active","01/01/2015","01/01/2015","6 Bridge Street LOUTH Lincolnshire LN11 0DP","R3 Recycling/reclamation of organic substances which are not used as solvents (including composting and other biological transformation processes)"
"298","EA","EX152012103","Plastic","S","Trades Consulting Environment Ltd","04054363","Active","15/01/2015","15/01/2015","1 Hardwick's Square LONDON London SW18 5BJ","R3 Recycling/reclamation of organic substances which are not used as solvents (including composting and other biological transformation processes)"
"299","EA","EX152009160","Plastic","L","United Commercial Trading(UK) Ltd","6375066","Active","01/01/2015","01/01/2015","28 KINGSLAND GRANGE WARRINGTON Lancashire WA1 4RW","R3 Recycling/reclamation of organic substances which are not used as solvents (including composting and other biological transformation processes)"
"300","EA","EX1520013","Plastic","L","Valpak Recycling Ltd","04683865","Active","01/01/2015","01/01/2015","Stratford Business Park STRATFORD-UPON-AVON Warwickshire CV37 7GW","R3 Recycling/reclamation of organic substances which are not used as solvents (including composting and other biological transformation processes)"
"301","EA","EX152015141","Plastic","L","Veolia ES (UK) Ltd","02481991","Active","27/07/2015","27/07/2015","Kingswood House CANNOCK Staffordshire WS11 8JP","R3 Recycling/reclamation of organic substances which are not used as solvents (including composting and other biological transformation processes)"
"302","EA","EX152009107","Plastic","L","Viridor Resource Management Ltd","3649069","Active","01/01/2015","01/01/2015","Ashford House Grenadier Road EXETER EX1 3LH","R3 Recycling/reclamation of organic substances which are not used as solvents (including composting and other biological transformation processes)"
"303","EA","EX152013179","Plastic","L","Visy Recycling Europe Ltd","07199767","Active","12/01/2015","12/01/2015","2 New Street Square LONDON EC4A 3BZ","R3 Recycling/reclamation of organic substances which are not used as solvents (including composting and other biological transformation processes)"
"304","EA","EX152014109","Plastic","L","W R Fibers UK Ltd","08421977","Active","01/01/2015","01/01/2015","6 Lords Court BASILDON essex SS13 1SS","R3 Recycling/reclamation of organic substances which are not used as solvents (including composting and other biological transformation processes)"
"305","EA","EX152007775","Plastic","L","Wai Sang (Europe) Recycle Ltd","04966801","Active","01/01/2015","01/01/2015","UNIT 6 VALE PARK IND EST CRUMPSALL MANCHESTER M8 0GF","R3 Recycling/reclamation of organic substances which are not used as solvents (including composting and other biological transformation processes)"
"306","EA","EX152014162","Plastic","L","WANGUO UK LTD","08747046","Active","01/01/2015","01/01/2015","Suite S9 BIRMINGHAM B31 2TS","R3 Recycling/reclamation of organic substances which are not used as solvents (including composting and other biological transformation processes)"
"307","EA","EX152009203","Plastic","S","WHAT-A-WASTE LIMITED","05794416","Cancelled","06/01/2015","24/08/2015","Hangar No.1 LICHFIELD Staffordshire WS13 8EN","R3 Recycling/reclamation of organic substances which are not used as solvents (including composting and other biological transformation processes)"
"308","EA","EX152012117","Plastic","L","Williams Recycling UK Ltd","2748860","Active","01/01/2015","29/04/2015","A5 WATLING STREET BURBAGE Leicestershire LE10 3AR","R3 Recycling/reclamation of organic substances which are not used as solvents (including composting and other biological transformation processes)"
"309","NRW","WX152014701","Plastic","L","D S Smith Recycling","00214967","Active","01/01/2015","01/01/2015","DS Smith Recycling UK Ltd CARPHILLY CARPHILLY CF83 2AX","R3 Recycling/reclamation of organic substances which are not used as solvents (including composting and other biological transformation processes)"
"310","NRW","WX152014706","Plastic","L","Ecogen Commodities Limited","09002868","Suspended","23/02/2015","23/06/2015","THE MALTINGS CARDIFF SOUTH GLAMORGAN CF24 5EZ","R3 Recycling/reclamation of organic substances which are not used as solvents (including composting and other biological transformation processes)"
"311","NIEA","NX152015104","Plastic","S","Bailey Waste Recycling (NI) Limited","NI042948","Active","20/07/2015","20/07/2015","1-4 SILVERWOOD INDUSTRIAL ESTATE Lurgan Armagh bt666ln","R3 Recycling/reclamation of organic substances which are not used as solvents (including composting and other biological transformation processes)"
"312","NIEA","NX152012104","Plastic","L","Cherry Plastics","NI053648","Active","01/01/2015","01/01/2015","Unit 5 Nutts Corner Business Park CRUMLIN Co Antrim BT29 4SR","R3 Recycling/reclamation of organic substances which are not used as solvents (including composting and other biological transformation processes)"
"313","NIEA","NX152015103","Plastic","L","Leinster Environmentals (UK)
Limited","NI613594","Active","20/07/2015","20/07/2015","Dromalane NEWRY Down BT35 8QS","R3 Recycling/reclamation of organic substances which are not used as solvents (including composting and other biological transformation processes)"
"314","NIEA","NX152014102","Plastic","L","RecyCo","NI049526","Active","01/01/2015","01/01/2015","89 Barony Road OMAGH Co Tyrone BT79 7QG","R3 Recycling/reclamation of organic substances which are not used as solvents (including composting and other biological transformation processes)"
"315","NIEA","NX152006152","Plastic","L","Re-Gen Limited","NI 44110","Active","01/01/2015","01/01/2015","Unit 7 Shepherd's Drive, NEWRY Down BT35 6JQ","R3 Recycling/reclamation of organic substances which are not used as solvents (including composting and other biological transformation processes)"
"316","NIEA","NX152012102","Plastic","L","Vanden Recycling Ltd","NI611544","Active","01/01/2015","01/01/2015","Floor 2 LISBURN Antrim BT28 1TW","R3 Recycling/reclamation of organic substances which are not used as solvents (including composting and other biological transformation processes)"
"317","NIEA","NX152015101","Plastic","L","Volker Gruppe Limited","NI627429","Active","05/01/2015","05/01/2015","11 Bridge Street BANGOR Co Down BT20 5AW","R3 Recycling/reclamation of organic substances which are not used as solvents (including composting and other biological transformation processes)"
"318","SEPA","SX152013113","Plastic","S","WRC Recycling","SC370000","Cancelled","01/01/2015","01/02/2016","45 INCHINNAN Renfrew PA49RR","R3 Recycling/reclamation of organic substances which are not used as solvents (including composting and other biological transformation processes)"
"319","EA","EX152014139","Steel","L","Alutrade Ltd","1806258","Active","16/01/2015","16/01/2015","Langley Forge House OLDBURY West Midlands B69 4NH","R4 Recycling/reclamation of metals and metal compounds"
"320","EA","EX152013167","Steel","L","Asia Global Trade Ltd","4711414","Active","01/01/2015","01/01/2015","Crown House LONDON W14 8TH","R4 Recycling/reclamation of metals and metal compounds"
"321","EA","EX152015117","Steel","L","ATL STEEL LIMITED","4309088","Active","05/03/2015","05/03/2015","UNIT 2 , BRICKFIELDS BUSINESS PARK BURY ST EDMUNDS SUFFOLK IP30 9QS","R4 Recycling/reclamation of metals and metal compounds"
"322","EA","EX152015147","Steel","L","Clearpoint Recycling Ltd","8027964","Active","19/11/2015","19/11/2015","12 Haywra Street HARROGATE North Yorkshire HG1 5BJ","R4 Recycling/reclamation of metals and metal compounds"
"323","EA","EX15200434","Steel","S","Dojan Waste Management Services
Ltd","4846278","Active","01/01/2015","01/01/2015","19 School Lane EATON Cheshire CW12 2NG","R4 Recycling/reclamation of metals and metal compounds"
"324","EA","EX152010128","Steel","L","Donald Ward Ltd","1292288","Active","01/01/2015","01/01/2015","Griffon Road ILKESTON Derbyshire DE7 4RF","R4 Recycling/reclamation of metals and metal compounds"
"325","EA","EX152014113","Steel","L","Ecosky Environmental Solutions Ltd","6850974","Active","01/01/2015","06/03/2015","Davenport House LONDON E14 9RP","R4 Recycling/reclamation of metals and metal compounds"
"326","EA","EX152008126","Steel","L","Eurokey Recycling Ltd","03089592","Active","01/01/2015","01/01/2015","Kelsall House TELFORD Shropshire TF3 3BD","R4 Recycling/reclamation of metals and metal compounds"
"327","EA","EX15199914","Steel","L","European Metal Recycling Ltd","02954623","Active","01/01/2015","01/01/2015","Sirius House WARRINGTON WA5 7NS","R4 Recycling/reclamation of metals and metal compounds"
"328","EA","EX152014158","Steel","L","Greenway Waste Recycling Limited","7281560","Active","01/01/2015","01/01/2015","Recycling House TELFORD Shropshire TF1 5HW","R4 Recycling/reclamation of metals and metal compounds"
"329","EA","EX152006634","Steel","L","H Ripley & Co Ltd, New Haven","4868630","Active","01/01/2015","23/03/2015","Apex Way HAILSHAM East Sussex BN27 3WA","R4 Recycling/reclamation of metals and metal compounds"
"330","EA","EX152009184","Steel","L","International Forest Products (UK)
Ltd","00743374","Active","13/11/2015","13/11/2015","St. Anne's House NEWBURY Berkshire RG14 1JQ","R4 Recycling/reclamation of metals and metal compounds"
"331","EA","EX152006667","Steel","L","McCarthy (UK) Ltd","3024621","Active","01/01/2015","01/01/2015","McCarthy (U.K.) Ltd BUCKLAND NEWTON Dorset DT2 7BY","R4 Recycling/reclamation of metals and metal compounds"
"332","EA","EX152009172","Steel","L","Monoworld Ltd","4080642","Active","01/01/2015","01/01/2015","Monoworld Business Park Sharnbrook Bedfordshire MK44 1NB","R4 Recycling/reclamation of metals and metal compounds"
"333","EA","EX152015139","Steel","S","Monoworld Recycling Ltd","06320557","Active","23/07/2015","16/11/2015","19-26 Sanders Lodge Industrial Estate RUSHDEN Northamptonshire NN10 6BQ","R4 Recycling/reclamation of metals and metal compounds"
"334","EA","EX152013183","Steel","L","Newport Recycling Ltd","2800814","Active","01/01/2015","01/01/2015","Unit 3, Aston House NEWPORT Shropshire TF10 7NB","R4 Recycling/reclamation of metals and metal compounds"
"335","EA","EX152014137","Steel","L","Recycling Lives Limited","03783452","Active","20/02/2015","20/02/2015","Recycling Lives Limited PRESTON Lancashire PR2 5BX","R4 Recycling/reclamation of metals and metal compounds"
"336","EA","EX152013107","Steel","L","Robert Gibbs (Contracting)
Company Ltd","2082145","Active","01/01/2015","01/01/2015","Bridge Works HODDESDON Hertfordshire EN11 0EW","R4 Recycling/reclamation of metals and metal compounds"
"337","EA","EX152010130","Steel","L","Roydon Resource Recovery Ltd","3852634","Active","02/04/2015","02/04/2015","Units 1 - 3 SWINTON Manchester M27 8LU","R4 Recycling/reclamation of metals and metal compounds"
"338","EA","EX15199923","Steel","L","S Norton & Co Ltd","1859428","Active","01/01/2015","01/01/2015","Bankfield House LIVERPOOL Merseyside L20 8RQ","R4 Recycling/reclamation of metals and metal compounds"
"339","EA","EX152010152","Steel","L","Sackers Limited","01526052","Active","30/01/2015","30/01/2015","Railway sidings IPSWICH Suffolk IP6 0JB","R4 Recycling/reclamation of metals and metal compounds"
"340","EA","EX152014116","Steel","S","Sun Recycling Ltd","05315322","Active","17/03/2015","17/03/2015","Unit 17 MANCHESTER Lancashire M17 1EH","R4 Recycling/reclamation of metals and metal compounds"
"341","EA","EX152013160","Steel","L","UN GLOBAL TRADING LIMITED","7442777","Active","04/08/2015","04/08/2015","VISTA CENTRE, 50 SALISBURY ROAD HOUNSLOW middlesex TW46JQ","R4 Recycling/reclamation of metals and metal compounds"
"342","EA","EX15199913","Steel","L","Unimetals Recycling (UK) Limited","3242331","Active","01/01/2015","01/01/2015","Long Marston STRATFORD-UPON-AVON Warwickshire CV37 8AQ","R4 Recycling/reclamation of metals and metal compounds"
"343","EA","EX152005120","Steel","L","Valpak Recycling Ltd","04683865","Active","01/01/2015","01/01/2015","Stratford Business Park STRATFORD-UPON-AVON Warwickshire CV37 7GW","R4 Recycling/reclamation of metals and metal compounds"
"344","EA","EX152009106","Steel","L","Viridor Resource Management Ltd","3649069","Active","01/01/2015","01/01/2015","Ashford House Grenadier Road EXETER EX1 3LH","R4 Recycling/reclamation of metals and metal compounds"
"345","NRW","WX152014705","Steel","L","Ecogen Commodities Limited","09002868","Suspended","23/02/2015","30/07/2015","THE MALTINGS CARDIFF SOUTH GLAMORGAN CF24 5EZ","R4 Recycling/reclamation of metals and metal compounds"
"346","NRW","WX152015704","Steel","S","Reddy Pai Metals Limited","07858597","Active","01/01/2015","01/01/2015","Regus 1 Capital Quarter CARDIFF CF10 4BQ","R4 Recycling/reclamation of metals and metal compounds"
"347","NIEA","NX152005145","Steel","L","Clearway Ltd","NI 14852","Active","01/01/2015","01/01/2015","East Twin Road BELFAST BT3 9EN","R4 Recycling/reclamation of metals and metal compounds"
"348","NIEA","NX152009105","Steel","L","Re-Gen Limited","NI 44110","Active","01/01/2015","01/01/2015","Unit 7 Shepherd's Drive, NEWRY Down BT35 6JQ","R4 Recycling/reclamation of metals and metal compounds"
"349","NIEA","NX152006150","Steel","L","T-Met Ltd","NI 36781","Active","01/01/2015","01/01/2015","84 Armagh Road DUNGANNON Tyrone BT71 7JA","R4 Recycling/reclamation of metals and metal compounds"
"350","SEPA","SX1519990006","Steel","L","Christie & Son (Metal Merchants)
Ltd","SC68222","Cancelled","01/01/2015","01/02/2016","Lobnitz Dock RENFREW PA4 8SY","R4 Recycling/reclamation of metals and metal compounds"
"351","SEPA","SX1519990008","Steel","L","John R Adam & Sons Limited","SC030140","Cancelled","01/01/2015","01/02/2016","RIVERSIDE BERTH, GLASGOW G51 4SD","R4 Recycling/reclamation of metals and metal compounds"
"352","SEPA","SX1520050013","Steel","L","Robertson Metals Recycling Limited","SC105027","Cancelled","01/01/2015","01/02/2016","Inverkeithing Scrap Terminal INVERKEITHING Fife KY11 1HL","R4 Recycling/reclamation of metals and metal compounds"
"353","SEPA","SX152013112","Steel","S","WRC Recycling","SC370000","Cancelled","01/01/2015","01/02/2016","45 INCHINNAN Renfrew PA49RR","R4 Recycling/reclamation of metals and metal compounds"
"354","EA","EX152009108","Wood","L","McCarthy (UK) Ltd","3024621","Active","01/01/2015","01/01/2015","McCarthy (U.K.) Ltd BUCKLAND NEWTON Dorset DT2 7BY","R3 Recycling/reclamation of organic substances which are not used as solvents (including composting and other biological transformation processes)"
"355","EA","EX152005118","Wood","L","Valpak Recycling Ltd","04683865","Active","01/01/2015","01/01/2015","Stratford Business Park STRATFORD-UPON-AVON Warwickshire CV37 7GW","R3 Recycling/reclamation of organic substances which are not used as solvents (including composting and other biological transformation processes)"