sector,year,value,source,target
Packaging ,2012,2387194.82765644,POM,WG
Packaging ,2013,2266602.0029635634,POM,WG
Packaging ,2014,2216302.9951158403,POM,WG
Packaging ,2015,2250837.287475503,POM,WG
Packaging ,2016,2253174.0944407145,POM,WG
Packaging ,2017,2253242.271340463,POM,WG
Packaging ,2018,2347661.837584344,POM,WG
Packaging ,2019,2457529.3901551063,POM,WG
Packaging ,2020,2481852.1202903264,POM,WG
Packaging ,2021,2505332.82595849,POM,WG
Packaging ,2022,2254993.2986384784,POM,WG
Packaging ,2023,2414223.4954687785,POM,WG
Packaging ,2024,2438920.1370632695,POM,WG
Packaging ,2025,2451382.9316932806,POM,WG
Packaging ,2026,2460777.5761662917,POM,WG
Packaging ,2027,2467321.7916705115,POM,WG
Packaging ,2028,2473332.4486349053,POM,WG
Packaging ,2029,2478957.3587325597,POM,WG
Packaging ,2030,2484206.5283396128,POM,WG
Packaging ,2031,2489092.7282027607,POM,WG
Packaging ,2032,2493621.132947882,POM,WG
Packaging ,2033,2497804.0563245267,POM,WG
Packaging ,2034,2501664.002823181,POM,WG
Packaging ,2035,2505263.1011706726,POM,WG
Packaging ,2036,2508669.6014883406,POM,WG
Packaging ,2037,2511914.540974532,POM,WG
Packaging ,2038,2515018.2214329527,POM,WG
Packaging ,2039,2517992.6028773584,POM,WG
Packaging ,2040,2520825.9604757405,POM,WG
Packaging ,2041,2523502.5368370754,POM,WG
Packaging ,2042,2526020.7442802745,POM,WG
Packaging ,2012,1193597.41382822,WG,la_collected_household
Packaging ,2012,477438.965531288,WG,la_collected_other
Packaging ,2012,477438.965531288,WG,wmc_collected
Packaging ,2013,1133301.0014817817,WG,la_collected_household
Packaging ,2013,453320.4005927127,WG,la_collected_other
Packaging ,2013,453320.4005927127,WG,wmc_collected
Packaging ,2014,1108151.4975579202,WG,la_collected_household
Packaging ,2014,443260.5990231681,WG,la_collected_other
Packaging ,2014,443260.5990231681,WG,wmc_collected
Packaging ,2015,1125418.6437377515,WG,la_collected_household
Packaging ,2015,450167.4574951006,WG,la_collected_other
Packaging ,2015,450167.4574951006,WG,wmc_collected
Packaging ,2016,1126587.0472203572,WG,la_collected_household
Packaging ,2016,450634.81888814294,WG,la_collected_other
Packaging ,2016,450634.81888814294,WG,wmc_collected
Packaging ,2017,1126621.1356702314,WG,la_collected_household
Packaging ,2017,450648.4542680926,WG,la_collected_other
Packaging ,2017,450648.4542680926,WG,wmc_collected
Packaging ,2018,1173830.918792172,WG,la_collected_household
Packaging ,2018,469532.36751686886,WG,la_collected_other
Packaging ,2018,469532.36751686886,WG,wmc_collected
Packaging ,2019,1228764.6950775532,WG,la_collected_household
Packaging ,2019,491505.8780310213,WG,la_collected_other
Packaging ,2019,491505.8780310213,WG,wmc_collected
Packaging ,2020,1240926.0601451632,WG,la_collected_household
Packaging ,2020,496370.4240580653,WG,la_collected_other
Packaging ,2020,496370.4240580653,WG,wmc_collected
Packaging ,2021,1252666.412979245,WG,la_collected_household
Packaging ,2021,501066.565191698,WG,la_collected_other
Packaging ,2021,501066.565191698,WG,wmc_collected
Packaging ,2022,1127496.6493192392,WG,la_collected_household
Packaging ,2022,450998.6597276957,WG,la_collected_other
Packaging ,2022,450998.6597276957,WG,wmc_collected
Packaging ,2023,1207111.7477343893,WG,la_collected_household
Packaging ,2023,482844.69909375574,WG,la_collected_other
Packaging ,2023,482844.69909375574,WG,wmc_collected
Packaging ,2024,1219460.0685316348,WG,la_collected_household
Packaging ,2024,487784.0274126539,WG,la_collected_other
Packaging ,2024,487784.0274126539,WG,wmc_collected
Packaging ,2025,1225691.4658466403,WG,la_collected_household
Packaging ,2025,490276.58633865614,WG,la_collected_other
Packaging ,2025,490276.58633865614,WG,wmc_collected
Packaging ,2026,1230388.7880831459,WG,la_collected_household
Packaging ,2026,492155.51523325837,WG,la_collected_other
Packaging ,2026,492155.51523325837,WG,wmc_collected
Packaging ,2027,1233660.8958352557,WG,la_collected_household
Packaging ,2027,493464.3583341023,WG,la_collected_other
Packaging ,2027,493464.3583341023,WG,wmc_collected
Packaging ,2028,1236666.2243174526,WG,la_collected_household
Packaging ,2028,494666.4897269811,WG,la_collected_other
Packaging ,2028,494666.4897269811,WG,wmc_collected
Packaging ,2029,1239478.6793662799,WG,la_collected_household
Packaging ,2029,495791.471746512,WG,la_collected_other
Packaging ,2029,495791.471746512,WG,wmc_collected
Packaging ,2030,1242103.2641698064,WG,la_collected_household
Packaging ,2030,496841.3056679226,WG,la_collected_other
Packaging ,2030,496841.3056679226,WG,wmc_collected
Packaging ,2031,1244546.3641013803,WG,la_collected_household
Packaging ,2031,497818.5456405522,WG,la_collected_other
Packaging ,2031,497818.5456405522,WG,wmc_collected
Packaging ,2032,1246810.566473941,WG,la_collected_household
Packaging ,2032,498724.22658957646,WG,la_collected_other
Packaging ,2032,498724.22658957646,WG,wmc_collected
Packaging ,2033,1248902.0281622633,WG,la_collected_household
Packaging ,2033,499560.8112649054,WG,la_collected_other
Packaging ,2033,499560.8112649054,WG,wmc_collected
Packaging ,2034,1250832.0014115905,WG,la_collected_household
Packaging ,2034,500332.80056463624,WG,la_collected_other
Packaging ,2034,500332.80056463624,WG,wmc_collected
Packaging ,2035,1252631.5505853363,WG,la_collected_household
Packaging ,2035,501052.62023413455,WG,la_collected_other
Packaging ,2035,501052.62023413455,WG,wmc_collected
Packaging ,2036,1254334.8007441703,WG,la_collected_household
Packaging ,2036,501733.92029766814,WG,la_collected_other
Packaging ,2036,501733.92029766814,WG,wmc_collected
Packaging ,2037,1255957.270487266,WG,la_collected_household
Packaging ,2037,502382.90819490637,WG,la_collected_other
Packaging ,2037,502382.90819490637,WG,wmc_collected
Packaging ,2038,1257509.1107164763,WG,la_collected_household
Packaging ,2038,503003.64428659057,WG,la_collected_other
Packaging ,2038,503003.64428659057,WG,wmc_collected
Packaging ,2039,1258996.3014386792,WG,la_collected_household
Packaging ,2039,503598.5205754717,WG,la_collected_other
Packaging ,2039,503598.5205754717,WG,wmc_collected
Packaging ,2040,1260412.9802378702,WG,la_collected_household
Packaging ,2040,504165.19209514814,WG,la_collected_other
Packaging ,2040,504165.19209514814,WG,wmc_collected
Packaging ,2041,1261751.2684185377,WG,la_collected_household
Packaging ,2041,504700.5073674151,WG,la_collected_other
Packaging ,2041,504700.5073674151,WG,wmc_collected
Packaging ,2042,1263010.3721401372,WG,la_collected_household
Packaging ,2042,505204.14885605493,WG,la_collected_other
Packaging ,2042,505204.14885605493,WG,wmc_collected
Packaging ,2012,238719.48276564386,WG,litter
Packaging ,2013,226660.20029635634,WG,litter
Packaging ,2014,221630.299511584,WG,litter
Packaging ,2015,225083.7287475504,WG,litter
Packaging ,2016,225317.40944407135,WG,litter
Packaging ,2017,225324.22713404638,WG,litter
Packaging ,2018,234766.18375843437,WG,litter
Packaging ,2019,245752.9390155105,WG,litter
Packaging ,2020,248185.21202903287,WG,litter
Packaging ,2021,250533.28259584913,WG,litter
Packaging ,2022,225499.32986384793,WG,litter
Packaging ,2023,241422.34954687767,WG,litter
Packaging ,2024,243892.01370632695,WG,litter
Packaging ,2025,245138.293169328,WG,litter
Packaging ,2026,246077.75761662936,WG,litter
Packaging ,2027,246732.17916705133,WG,litter
Packaging ,2028,247333.24486349057,WG,litter
Packaging ,2029,247895.73587325588,WG,litter
Packaging ,2030,248420.65283396142,WG,litter
Packaging ,2031,248909.27282027574,WG,litter
Packaging ,2032,249362.11329478817,WG,litter
Packaging ,2033,249780.40563245257,WG,litter
Packaging ,2034,250166.40028231824,WG,litter
Packaging ,2035,250526.3101170673,WG,litter
Packaging ,2036,250866.96014883416,WG,litter
Packaging ,2037,251191.45409745304,WG,litter
Packaging ,2038,251501.8221432953,WG,litter
Packaging ,2039,251799.26028773608,WG,litter
Packaging ,2040,252082.5960475742,WG,litter
Packaging ,2041,252350.2536837072,WG,litter
Packaging ,2042,252602.0744280275,WG,litter
Packaging ,2012,656478.5776055211,la_collected_household,treated_overseas
Packaging ,2012,59679.870691411,la_collected_household,mismanaged
Packaging ,2012,477438.965531288,la_collected_household,formal_domestic_treatment
Packaging ,2012,262591.43104220845,la_collected_other,treated_overseas
Packaging ,2012,23871.948276564402,la_collected_other,mismanaged
Packaging ,2012,190975.58621251522,la_collected_other,formal_domestic_treatment
Packaging ,2012,262591.43104220845,wmc_collected,treated_overseas
Packaging ,2012,23871.948276564402,wmc_collected,mismanaged
Packaging ,2012,190975.58621251522,wmc_collected,formal_domestic_treatment
Packaging ,2013,623315.55081498,la_collected_household,treated_overseas
Packaging ,2013,56665.050074089086,la_collected_household,mismanaged
Packaging ,2013,453320.4005927127,la_collected_household,formal_domestic_treatment
Packaging ,2013,249326.220325992,la_collected_other,treated_overseas
Packaging ,2013,22666.020029635634,la_collected_other,mismanaged
Packaging ,2013,181328.16023708507,la_collected_other,formal_domestic_treatment
Packaging ,2013,249326.220325992,wmc_collected,treated_overseas
Packaging ,2013,22666.020029635634,wmc_collected,mismanaged
Packaging ,2013,181328.16023708507,wmc_collected,formal_domestic_treatment
Packaging ,2014,609483.3236568562,la_collected_household,treated_overseas
Packaging ,2014,55407.57487789601,la_collected_household,mismanaged
Packaging ,2014,443260.5990231681,la_collected_household,formal_domestic_treatment
Packaging ,2014,243793.32946274246,la_collected_other,treated_overseas
Packaging ,2014,22163.029951158405,la_collected_other,mismanaged
Packaging ,2014,177304.23960926724,la_collected_other,formal_domestic_treatment
Packaging ,2014,243793.32946274246,wmc_collected,treated_overseas
Packaging ,2014,22163.029951158405,wmc_collected,mismanaged
Packaging ,2014,177304.23960926724,wmc_collected,formal_domestic_treatment
Packaging ,2015,618980.2540557634,la_collected_household,treated_overseas
Packaging ,2015,56270.93218688758,la_collected_household,mismanaged
Packaging ,2015,450167.4574951006,la_collected_household,formal_domestic_treatment
Packaging ,2015,247592.10162230537,la_collected_other,treated_overseas
Packaging ,2015,22508.372874755034,la_collected_other,mismanaged
Packaging ,2015,180066.98299804027,la_collected_other,formal_domestic_treatment
Packaging ,2015,247592.10162230537,wmc_collected,treated_overseas
Packaging ,2015,22508.372874755034,wmc_collected,mismanaged
Packaging ,2015,180066.98299804027,wmc_collected,formal_domestic_treatment
Packaging ,2016,619622.8759711966,la_collected_household,treated_overseas
Packaging ,2016,56329.35236101787,la_collected_household,mismanaged
Packaging ,2016,450634.81888814294,la_collected_household,formal_domestic_treatment
Packaging ,2016,247849.15038847862,la_collected_other,treated_overseas
Packaging ,2016,22531.74094440715,la_collected_other,mismanaged
Packaging ,2016,180253.9275552572,la_collected_other,formal_domestic_treatment
Packaging ,2016,247849.15038847862,wmc_collected,treated_overseas
Packaging ,2016,22531.74094440715,wmc_collected,mismanaged
Packaging ,2016,180253.9275552572,wmc_collected,formal_domestic_treatment
Packaging ,2017,619641.6246186274,la_collected_household,treated_overseas
Packaging ,2017,56331.05678351157,la_collected_household,mismanaged
Packaging ,2017,450648.4542680926,la_collected_household,formal_domestic_treatment
Packaging ,2017,247856.64984745093,la_collected_other,treated_overseas
Packaging ,2017,22532.42271340463,la_collected_other,mismanaged
Packaging ,2017,180259.38170723704,la_collected_other,formal_domestic_treatment
Packaging ,2017,247856.64984745093,wmc_collected,treated_overseas
Packaging ,2017,22532.42271340463,wmc_collected,mismanaged
Packaging ,2017,180259.38170723704,wmc_collected,formal_domestic_treatment
Packaging ,2018,645607.0053356948,la_collected_household,treated_overseas
Packaging ,2018,58691.54593960861,la_collected_household,mismanaged
Packaging ,2018,469532.36751686886,la_collected_household,formal_domestic_treatment
Packaging ,2018,258242.8021342779,la_collected_other,treated_overseas
Packaging ,2018,23476.618375843445,la_collected_other,mismanaged
Packaging ,2018,187812.94700674756,la_collected_other,formal_domestic_treatment
Packaging ,2018,258242.8021342779,wmc_collected,treated_overseas
Packaging ,2018,23476.618375843445,wmc_collected,mismanaged
Packaging ,2018,187812.94700674756,wmc_collected,formal_domestic_treatment
Packaging ,2019,675820.5822926543,la_collected_household,treated_overseas
Packaging ,2019,61438.23475387766,la_collected_household,mismanaged
Packaging ,2019,491505.8780310213,la_collected_household,formal_domestic_treatment
Packaging ,2019,270328.2329170617,la_collected_other,treated_overseas
Packaging ,2019,24575.293901551064,la_collected_other,mismanaged
Packaging ,2019,196602.3512124085,la_collected_other,formal_domestic_treatment
Packaging ,2019,270328.2329170617,wmc_collected,treated_overseas
Packaging ,2019,24575.293901551064,wmc_collected,mismanaged
Packaging ,2019,196602.3512124085,wmc_collected,formal_domestic_treatment
Packaging ,2020,682509.3330798398,la_collected_household,treated_overseas
Packaging ,2020,62046.30300725816,la_collected_household,mismanaged
Packaging ,2020,496370.4240580653,la_collected_household,formal_domestic_treatment
Packaging ,2020,273003.73323193594,la_collected_other,treated_overseas
Packaging ,2020,24818.521202903266,la_collected_other,mismanaged
Packaging ,2020,198548.16962322613,la_collected_other,formal_domestic_treatment
Packaging ,2020,273003.73323193594,wmc_collected,treated_overseas
Packaging ,2020,24818.521202903266,wmc_collected,mismanaged
Packaging ,2020,198548.16962322613,wmc_collected,formal_domestic_treatment
Packaging ,2021,688966.5271385848,la_collected_household,treated_overseas
Packaging ,2021,62633.32064896225,la_collected_household,mismanaged
Packaging ,2021,501066.565191698,la_collected_household,formal_domestic_treatment
Packaging ,2021,275586.6108554339,la_collected_other,treated_overseas
Packaging ,2021,25053.3282595849,la_collected_other,mismanaged
Packaging ,2021,200426.6260766792,la_collected_other,formal_domestic_treatment
Packaging ,2021,275586.6108554339,wmc_collected,treated_overseas
Packaging ,2021,25053.3282595849,wmc_collected,mismanaged
Packaging ,2021,200426.6260766792,wmc_collected,formal_domestic_treatment
Packaging ,2022,620123.1571255816,la_collected_household,treated_overseas
Packaging ,2022,56374.83246596196,la_collected_household,mismanaged
Packaging ,2022,450998.6597276957,la_collected_household,formal_domestic_treatment
Packaging ,2022,248049.26285023266,la_collected_other,treated_overseas
Packaging ,2022,22549.932986384785,la_collected_other,mismanaged
Packaging ,2022,180399.46389107828,la_collected_other,formal_domestic_treatment
Packaging ,2022,248049.26285023266,wmc_collected,treated_overseas
Packaging ,2022,22549.932986384785,wmc_collected,mismanaged
Packaging ,2022,180399.46389107828,wmc_collected,formal_domestic_treatment
Packaging ,2023,663911.4612539142,la_collected_household,treated_overseas
Packaging ,2023,60355.58738671947,la_collected_household,mismanaged
Packaging ,2023,482844.69909375574,la_collected_household,formal_domestic_treatment
Packaging ,2023,265564.58450156567,la_collected_other,treated_overseas
Packaging ,2023,24142.23495468779,la_collected_other,mismanaged
Packaging ,2023,193137.8796375023,la_collected_other,formal_domestic_treatment
Packaging ,2023,265564.58450156567,wmc_collected,treated_overseas
Packaging ,2023,24142.23495468779,wmc_collected,mismanaged
Packaging ,2023,193137.8796375023,wmc_collected,formal_domestic_treatment
Packaging ,2024,670703.0376923991,la_collected_household,treated_overseas
Packaging ,2024,60973.00342658174,la_collected_household,mismanaged
Packaging ,2024,487784.0274126539,la_collected_household,formal_domestic_treatment
Packaging ,2024,268281.2150769597,la_collected_other,treated_overseas
Packaging ,2024,24389.201370632698,la_collected_other,mismanaged
Packaging ,2024,195113.61096506158,la_collected_other,formal_domestic_treatment
Packaging ,2024,268281.2150769597,wmc_collected,treated_overseas
Packaging ,2024,24389.201370632698,wmc_collected,mismanaged
Packaging ,2024,195113.61096506158,wmc_collected,formal_domestic_treatment
Packaging ,2025,674130.3062156523,la_collected_household,treated_overseas
Packaging ,2025,61284.57329233202,la_collected_household,mismanaged
Packaging ,2025,490276.58633865614,la_collected_household,formal_domestic_treatment
Packaging ,2025,269652.1224862609,la_collected_other,treated_overseas
Packaging ,2025,24513.82931693281,la_collected_other,mismanaged
Packaging ,2025,196110.63453546248,la_collected_other,formal_domestic_treatment
Packaging ,2025,269652.1224862609,wmc_collected,treated_overseas
Packaging ,2025,24513.82931693281,wmc_collected,mismanaged
Packaging ,2025,196110.63453546248,wmc_collected,formal_domestic_treatment
Packaging ,2026,676713.8334457303,la_collected_household,treated_overseas
Packaging ,2026,61519.439404157296,la_collected_household,mismanaged
Packaging ,2026,492155.51523325837,la_collected_household,formal_domestic_treatment
Packaging ,2026,270685.5333782921,la_collected_other,treated_overseas
Packaging ,2026,24607.77576166292,la_collected_other,mismanaged
Packaging ,2026,196862.20609330336,la_collected_other,formal_domestic_treatment
Packaging ,2026,270685.5333782921,wmc_collected,treated_overseas
Packaging ,2026,24607.77576166292,wmc_collected,mismanaged
Packaging ,2026,196862.20609330336,wmc_collected,formal_domestic_treatment
Packaging ,2027,678513.4927093907,la_collected_household,treated_overseas
Packaging ,2027,61683.04479176279,la_collected_household,mismanaged
Packaging ,2027,493464.3583341023,la_collected_household,formal_domestic_treatment
Packaging ,2027,271405.3970837563,la_collected_other,treated_overseas
Packaging ,2027,24673.217916705118,la_collected_other,mismanaged
Packaging ,2027,197385.74333364094,la_collected_other,formal_domestic_treatment
Packaging ,2027,271405.3970837563,wmc_collected,treated_overseas
Packaging ,2027,24673.217916705118,wmc_collected,mismanaged
Packaging ,2027,197385.74333364094,wmc_collected,formal_domestic_treatment
Packaging ,2028,680166.423374599,la_collected_household,treated_overseas
Packaging ,2028,61833.311215872636,la_collected_household,mismanaged
Packaging ,2028,494666.4897269811,la_collected_household,formal_domestic_treatment
Packaging ,2028,272066.56934983964,la_collected_other,treated_overseas
Packaging ,2028,24733.324486349054,la_collected_other,mismanaged
Packaging ,2028,197866.59589079244,la_collected_other,formal_domestic_treatment
Packaging ,2028,272066.56934983964,wmc_collected,treated_overseas
Packaging ,2028,24733.324486349054,wmc_collected,mismanaged
Packaging ,2028,197866.59589079244,wmc_collected,formal_domestic_treatment
Packaging ,2029,681713.273651454,la_collected_household,treated_overseas
Packaging ,2029,61973.933968314,la_collected_household,mismanaged
Packaging ,2029,495791.471746512,la_collected_household,formal_domestic_treatment
Packaging ,2029,272685.30946058163,la_collected_other,treated_overseas
Packaging ,2029,24789.5735873256,la_collected_other,mismanaged
Packaging ,2029,198316.5886986048,la_collected_other,formal_domestic_treatment
Packaging ,2029,272685.30946058163,wmc_collected,treated_overseas
Packaging ,2029,24789.5735873256,wmc_collected,mismanaged
Packaging ,2029,198316.5886986048,wmc_collected,formal_domestic_treatment
Packaging ,2030,683156.7952933935,la_collected_household,treated_overseas
Packaging ,2030,62105.163208490325,la_collected_household,mismanaged
Packaging ,2030,496841.3056679226,la_collected_household,formal_domestic_treatment
Packaging ,2030,273262.71811735746,la_collected_other,treated_overseas
Packaging ,2030,24842.065283396132,la_collected_other,mismanaged
Packaging ,2030,198736.52226716906,la_collected_other,formal_domestic_treatment
Packaging ,2030,273262.71811735746,wmc_collected,treated_overseas
Packaging ,2030,24842.065283396132,wmc_collected,mismanaged
Packaging ,2030,198736.52226716906,wmc_collected,formal_domestic_treatment
Packaging ,2031,684500.5002557592,la_collected_household,treated_overseas
Packaging ,2031,62227.31820506902,la_collected_household,mismanaged
Packaging ,2031,497818.5456405522,la_collected_household,formal_domestic_treatment
Packaging ,2031,273800.2001023037,la_collected_other,treated_overseas
Packaging ,2031,24890.92728202761,la_collected_other,mismanaged
Packaging ,2031,199127.41825622087,la_collected_other,formal_domestic_treatment
Packaging ,2031,273800.2001023037,wmc_collected,treated_overseas
Packaging ,2031,24890.92728202761,wmc_collected,mismanaged
Packaging ,2031,199127.41825622087,wmc_collected,formal_domestic_treatment
Packaging ,2032,685745.8115606677,la_collected_household,treated_overseas
Packaging ,2032,62340.52832369706,la_collected_household,mismanaged
Packaging ,2032,498724.22658957646,la_collected_household,formal_domestic_treatment
Packaging ,2032,274298.32462426706,la_collected_other,treated_overseas
Packaging ,2032,24936.211329478825,la_collected_other,mismanaged
Packaging ,2032,199489.6906358306,la_collected_other,formal_domestic_treatment
Packaging ,2032,274298.32462426706,wmc_collected,treated_overseas
Packaging ,2032,24936.211329478825,wmc_collected,mismanaged
Packaging ,2032,199489.6906358306,wmc_collected,formal_domestic_treatment
Packaging ,2033,686896.1154892449,la_collected_household,treated_overseas
Packaging ,2033,62445.10140811317,la_collected_household,mismanaged
Packaging ,2033,499560.8112649054,la_collected_household,formal_domestic_treatment
Packaging ,2033,274758.446195698,la_collected_other,treated_overseas
Packaging ,2033,24978.04056324527,la_collected_other,mismanaged
Packaging ,2033,199824.32450596217,la_collected_other,formal_domestic_treatment
Packaging ,2033,274758.446195698,wmc_collected,treated_overseas
Packaging ,2033,24978.04056324527,wmc_collected,mismanaged
Packaging ,2033,199824.32450596217,wmc_collected,formal_domestic_treatment
Packaging ,2034,687957.6007763748,la_collected_household,treated_overseas
Packaging ,2034,62541.60007057953,la_collected_household,mismanaged
Packaging ,2034,500332.80056463624,la_collected_household,formal_domestic_treatment
Packaging ,2034,275183.04031054996,la_collected_other,treated_overseas
Packaging ,2034,25016.640028231814,la_collected_other,mismanaged
Packaging ,2034,200133.1202258545,la_collected_other,formal_domestic_treatment
Packaging ,2034,275183.04031054996,wmc_collected,treated_overseas
Packaging ,2034,25016.640028231814,wmc_collected,mismanaged
Packaging ,2034,200133.1202258545,wmc_collected,formal_domestic_treatment
Packaging ,2035,688947.352821935,la_collected_household,treated_overseas
Packaging ,2035,62631.57752926682,la_collected_household,mismanaged
Packaging ,2035,501052.62023413455,la_collected_household,formal_domestic_treatment
Packaging ,2035,275578.941128774,la_collected_other,treated_overseas
Packaging ,2035,25052.63101170673,la_collected_other,mismanaged
Packaging ,2035,200421.04809365384,la_collected_other,formal_domestic_treatment
Packaging ,2035,275578.941128774,wmc_collected,treated_overseas
Packaging ,2035,25052.63101170673,wmc_collected,mismanaged
Packaging ,2035,200421.04809365384,wmc_collected,formal_domestic_treatment
Packaging ,2036,689884.1404092937,la_collected_household,treated_overseas
Packaging ,2036,62716.74003720852,la_collected_household,mismanaged
Packaging ,2036,501733.92029766814,la_collected_household,formal_domestic_treatment
Packaging ,2036,275953.6561637175,la_collected_other,treated_overseas
Packaging ,2036,25086.696014883408,la_collected_other,mismanaged
Packaging ,2036,200693.56811906726,la_collected_other,formal_domestic_treatment
Packaging ,2036,275953.6561637175,wmc_collected,treated_overseas
Packaging ,2036,25086.696014883408,wmc_collected,mismanaged
Packaging ,2036,200693.56811906726,wmc_collected,formal_domestic_treatment
Packaging ,2037,690776.4987679963,la_collected_household,treated_overseas
Packaging ,2037,62797.863524363296,la_collected_household,mismanaged
Packaging ,2037,502382.90819490637,la_collected_household,formal_domestic_treatment
Packaging ,2037,276310.59950719855,la_collected_other,treated_overseas
Packaging ,2037,25119.14540974532,la_collected_other,mismanaged
Packaging ,2037,200953.16327796257,la_collected_other,formal_domestic_treatment
Packaging ,2037,276310.59950719855,wmc_collected,treated_overseas
Packaging ,2037,25119.14540974532,wmc_collected,mismanaged
Packaging ,2037,200953.16327796257,wmc_collected,formal_domestic_treatment
Packaging ,2038,691630.010894062,la_collected_household,treated_overseas
Packaging ,2038,62875.45553582382,la_collected_household,mismanaged
Packaging ,2038,503003.64428659057,la_collected_household,formal_domestic_treatment
Packaging ,2038,276652.00435762486,la_collected_other,treated_overseas
Packaging ,2038,25150.18221432953,la_collected_other,mismanaged
Packaging ,2038,201201.45771463623,la_collected_other,formal_domestic_treatment
Packaging ,2038,276652.00435762486,wmc_collected,treated_overseas
Packaging ,2038,25150.18221432953,wmc_collected,mismanaged
Packaging ,2038,201201.45771463623,wmc_collected,formal_domestic_treatment
Packaging ,2039,692447.9657912736,la_collected_household,treated_overseas
Packaging ,2039,62949.81507193396,la_collected_household,mismanaged
Packaging ,2039,503598.5205754717,la_collected_household,formal_domestic_treatment
Packaging ,2039,276979.18631650944,la_collected_other,treated_overseas
Packaging ,2039,25179.926028773585,la_collected_other,mismanaged
Packaging ,2039,201439.40823018868,la_collected_other,formal_domestic_treatment
Packaging ,2039,276979.18631650944,wmc_collected,treated_overseas
Packaging ,2039,25179.926028773585,wmc_collected,mismanaged
Packaging ,2039,201439.40823018868,wmc_collected,formal_domestic_treatment
Packaging ,2040,693227.1391308287,la_collected_household,treated_overseas
Packaging ,2040,63020.64901189352,la_collected_household,mismanaged
Packaging ,2040,504165.19209514814,la_collected_household,formal_domestic_treatment
Packaging ,2040,277290.8556523315,la_collected_other,treated_overseas
Packaging ,2040,25208.259604757408,la_collected_other,mismanaged
Packaging ,2040,201666.07683805926,la_collected_other,formal_domestic_treatment
Packaging ,2040,277290.8556523315,wmc_collected,treated_overseas
Packaging ,2040,25208.259604757408,wmc_collected,mismanaged
Packaging ,2040,201666.07683805926,wmc_collected,formal_domestic_treatment
Packaging ,2041,693963.1976301958,la_collected_household,treated_overseas
Packaging ,2041,63087.56342092689,la_collected_household,mismanaged
Packaging ,2041,504700.5073674151,la_collected_household,formal_domestic_treatment
Packaging ,2041,277585.2790520783,la_collected_other,treated_overseas
Packaging ,2041,25235.025368370756,la_collected_other,mismanaged
Packaging ,2041,201880.20294696605,la_collected_other,formal_domestic_treatment
Packaging ,2041,277585.2790520783,wmc_collected,treated_overseas
Packaging ,2041,25235.025368370756,wmc_collected,mismanaged
Packaging ,2041,201880.20294696605,wmc_collected,formal_domestic_treatment
Packaging ,2042,694655.7046770755,la_collected_household,treated_overseas
Packaging ,2042,63150.51860700687,la_collected_household,mismanaged
Packaging ,2042,505204.14885605493,la_collected_household,formal_domestic_treatment
Packaging ,2042,277862.2818708302,la_collected_other,treated_overseas
Packaging ,2042,25260.207442802748,la_collected_other,mismanaged
Packaging ,2042,202081.65954242198,la_collected_other,formal_domestic_treatment
Packaging ,2042,277862.2818708302,wmc_collected,treated_overseas
Packaging ,2042,25260.207442802748,wmc_collected,mismanaged
Packaging ,2042,202081.65954242198,wmc_collected,formal_domestic_treatment
Packaging ,2012,286463.3793187728,formal_domestic_treatment,residual
Packaging ,2012,190975.58621251522,formal_domestic_treatment,recycling
Packaging ,2012,114585.35172750913,formal_domestic_treatment,residual
Packaging ,2012,76390.23448500609,formal_domestic_treatment,recycling
Packaging ,2012,114585.35172750913,formal_domestic_treatment,residual
Packaging ,2012,76390.23448500609,formal_domestic_treatment,recycling
Packaging ,2013,271992.2403556276,formal_domestic_treatment,residual
Packaging ,2013,181328.16023708507,formal_domestic_treatment,recycling
Packaging ,2013,108796.89614225105,formal_domestic_treatment,residual
Packaging ,2013,72531.26409483403,formal_domestic_treatment,recycling
Packaging ,2013,108796.89614225105,formal_domestic_treatment,residual
Packaging ,2013,72531.26409483403,formal_domestic_treatment,recycling
Packaging ,2014,265956.3594139008,formal_domestic_treatment,residual
Packaging ,2014,177304.23960926724,formal_domestic_treatment,recycling
Packaging ,2014,106382.54376556035,formal_domestic_treatment,residual
Packaging ,2014,70921.6958437069,formal_domestic_treatment,recycling
Packaging ,2014,106382.54376556035,formal_domestic_treatment,residual
Packaging ,2014,70921.6958437069,formal_domestic_treatment,recycling
Packaging ,2015,270100.47449706035,formal_domestic_treatment,residual
Packaging ,2015,180066.98299804027,formal_domestic_treatment,recycling
Packaging ,2015,108040.18979882415,formal_domestic_treatment,residual
Packaging ,2015,72026.79319921612,formal_domestic_treatment,recycling
Packaging ,2015,108040.18979882415,formal_domestic_treatment,residual
Packaging ,2015,72026.79319921612,formal_domestic_treatment,recycling
Packaging ,2016,270380.8913328858,formal_domestic_treatment,residual
Packaging ,2016,180253.9275552572,formal_domestic_treatment,recycling
Packaging ,2016,108152.3565331543,formal_domestic_treatment,residual
Packaging ,2016,72101.57102210289,formal_domestic_treatment,recycling
Packaging ,2016,108152.3565331543,formal_domestic_treatment,residual
Packaging ,2016,72101.57102210289,formal_domestic_treatment,recycling
Packaging ,2017,270389.07256085554,formal_domestic_treatment,residual
Packaging ,2017,180259.38170723704,formal_domestic_treatment,recycling
Packaging ,2017,108155.62902434223,formal_domestic_treatment,residual
Packaging ,2017,72103.75268289482,formal_domestic_treatment,recycling
Packaging ,2017,108155.62902434223,formal_domestic_treatment,residual
Packaging ,2017,72103.75268289482,formal_domestic_treatment,recycling
Packaging ,2018,281719.42051012133,formal_domestic_treatment,residual
Packaging ,2018,187812.94700674756,formal_domestic_treatment,recycling
Packaging ,2018,112687.76820404854,formal_domestic_treatment,residual
Packaging ,2018,75125.17880269903,formal_domestic_treatment,recycling
Packaging ,2018,112687.76820404854,formal_domestic_treatment,residual
Packaging ,2018,75125.17880269903,formal_domestic_treatment,recycling
Packaging ,2019,294903.52681861277,formal_domestic_treatment,residual
Packaging ,2019,196602.3512124085,formal_domestic_treatment,recycling
Packaging ,2019,117961.41072744511,formal_domestic_treatment,residual
Packaging ,2019,78640.9404849634,formal_domestic_treatment,recycling
Packaging ,2019,117961.41072744511,formal_domestic_treatment,residual
Packaging ,2019,78640.9404849634,formal_domestic_treatment,recycling
Packaging ,2020,297822.2544348392,formal_domestic_treatment,residual
Packaging ,2020,198548.16962322613,formal_domestic_treatment,recycling
Packaging ,2020,119128.90177393568,formal_domestic_treatment,residual
Packaging ,2020,79419.26784929045,formal_domestic_treatment,recycling
Packaging ,2020,119128.90177393568,formal_domestic_treatment,residual
Packaging ,2020,79419.26784929045,formal_domestic_treatment,recycling
Packaging ,2021,300639.9391150188,formal_domestic_treatment,residual
Packaging ,2021,200426.6260766792,formal_domestic_treatment,recycling
Packaging ,2021,120255.97564600752,formal_domestic_treatment,residual
Packaging ,2021,80170.6504306717,formal_domestic_treatment,recycling
Packaging ,2021,120255.97564600752,formal_domestic_treatment,residual
Packaging ,2021,80170.6504306717,formal_domestic_treatment,recycling
Packaging ,2022,270599.1958366174,formal_domestic_treatment,residual
Packaging ,2022,180399.46389107828,formal_domestic_treatment,recycling
Packaging ,2022,108239.67833464696,formal_domestic_treatment,residual
Packaging ,2022,72159.78555643132,formal_domestic_treatment,recycling
Packaging ,2022,108239.67833464696,formal_domestic_treatment,residual
Packaging ,2022,72159.78555643132,formal_domestic_treatment,recycling
Packaging ,2023,289706.81945625343,formal_domestic_treatment,residual
Packaging ,2023,193137.8796375023,formal_domestic_treatment,recycling
Packaging ,2023,115882.72778250139,formal_domestic_treatment,residual
Packaging ,2023,77255.15185500092,formal_domestic_treatment,recycling
Packaging ,2023,115882.72778250139,formal_domestic_treatment,residual
Packaging ,2023,77255.15185500092,formal_domestic_treatment,recycling
Packaging ,2024,292670.4164475923,formal_domestic_treatment,residual
Packaging ,2024,195113.61096506158,formal_domestic_treatment,recycling
Packaging ,2024,117068.16657903694,formal_domestic_treatment,residual
Packaging ,2024,78045.44438602464,formal_domestic_treatment,recycling
Packaging ,2024,117068.16657903694,formal_domestic_treatment,residual
Packaging ,2024,78045.44438602464,formal_domestic_treatment,recycling
Packaging ,2025,294165.95180319366,formal_domestic_treatment,residual
Packaging ,2025,196110.63453546248,formal_domestic_treatment,recycling
Packaging ,2025,117666.38072127748,formal_domestic_treatment,residual
Packaging ,2025,78444.253814185,formal_domestic_treatment,recycling
Packaging ,2025,117666.38072127748,formal_domestic_treatment,residual
Packaging ,2025,78444.253814185,formal_domestic_treatment,recycling
Packaging ,2026,295293.30913995503,formal_domestic_treatment,residual
Packaging ,2026,196862.20609330336,formal_domestic_treatment,recycling
Packaging ,2026,118117.323655982,formal_domestic_treatment,residual
Packaging ,2026,78744.88243732136,formal_domestic_treatment,recycling
Packaging ,2026,118117.323655982,formal_domestic_treatment,residual
Packaging ,2026,78744.88243732136,formal_domestic_treatment,recycling
Packaging ,2027,296078.6150004614,formal_domestic_treatment,residual
Packaging ,2027,197385.74333364094,formal_domestic_treatment,recycling
Packaging ,2027,118431.44600018456,formal_domestic_treatment,residual
Packaging ,2027,78954.29733345639,formal_domestic_treatment,recycling
Packaging ,2027,118431.44600018456,formal_domestic_treatment,residual
Packaging ,2027,78954.29733345639,formal_domestic_treatment,recycling
Packaging ,2028,296799.89383618865,formal_domestic_treatment,residual
Packaging ,2028,197866.59589079244,formal_domestic_treatment,recycling
Packaging ,2028,118719.95753447546,formal_domestic_treatment,residual
Packaging ,2028,79146.63835631698,formal_domestic_treatment,recycling
Packaging ,2028,118719.95753447546,formal_domestic_treatment,residual
Packaging ,2028,79146.63835631698,formal_domestic_treatment,recycling
Packaging ,2029,297474.8830479072,formal_domestic_treatment,residual
Packaging ,2029,198316.5886986048,formal_domestic_treatment,recycling
Packaging ,2029,118989.95321916288,formal_domestic_treatment,residual
Packaging ,2029,79326.63547944193,formal_domestic_treatment,recycling
Packaging ,2029,118989.95321916288,formal_domestic_treatment,residual
Packaging ,2029,79326.63547944193,formal_domestic_treatment,recycling
Packaging ,2030,298104.7834007536,formal_domestic_treatment,residual
Packaging ,2030,198736.52226716906,formal_domestic_treatment,recycling
Packaging ,2030,119241.91336030143,formal_domestic_treatment,residual
Packaging ,2030,79494.60890686762,formal_domestic_treatment,recycling
Packaging ,2030,119241.91336030143,formal_domestic_treatment,residual
Packaging ,2030,79494.60890686762,formal_domestic_treatment,recycling
Packaging ,2031,298691.1273843313,formal_domestic_treatment,residual
Packaging ,2031,199127.41825622087,formal_domestic_treatment,recycling
Packaging ,2031,119476.45095373252,formal_domestic_treatment,residual
Packaging ,2031,79650.96730248835,formal_domestic_treatment,recycling
Packaging ,2031,119476.45095373252,formal_domestic_treatment,residual
Packaging ,2031,79650.96730248835,formal_domestic_treatment,recycling
Packaging ,2032,299234.5359537459,formal_domestic_treatment,residual
Packaging ,2032,199489.6906358306,formal_domestic_treatment,recycling
Packaging ,2032,119693.81438149835,formal_domestic_treatment,residual
Packaging ,2032,79795.87625433225,formal_domestic_treatment,recycling
Packaging ,2032,119693.81438149835,formal_domestic_treatment,residual
Packaging ,2032,79795.87625433225,formal_domestic_treatment,recycling
Packaging ,2033,299736.48675894324,formal_domestic_treatment,residual
Packaging ,2033,199824.32450596217,formal_domestic_treatment,recycling
Packaging ,2033,119894.5947035773,formal_domestic_treatment,residual
Packaging ,2033,79929.72980238487,formal_domestic_treatment,recycling
Packaging ,2033,119894.5947035773,formal_domestic_treatment,residual
Packaging ,2033,79929.72980238487,formal_domestic_treatment,recycling
Packaging ,2034,300199.68033878173,formal_domestic_treatment,residual
Packaging ,2034,200133.1202258545,formal_domestic_treatment,recycling
Packaging ,2034,120079.8721355127,formal_domestic_treatment,residual
Packaging ,2034,80053.2480903418,formal_domestic_treatment,recycling
Packaging ,2034,120079.8721355127,formal_domestic_treatment,residual
Packaging ,2034,80053.2480903418,formal_domestic_treatment,recycling
Packaging ,2035,300631.57214048074,formal_domestic_treatment,residual
Packaging ,2035,200421.04809365384,formal_domestic_treatment,recycling
Packaging ,2035,120252.6288561923,formal_domestic_treatment,residual
Packaging ,2035,80168.41923746154,formal_domestic_treatment,recycling
Packaging ,2035,120252.6288561923,formal_domestic_treatment,residual
Packaging ,2035,80168.41923746154,formal_domestic_treatment,recycling
Packaging ,2036,301040.35217860085,formal_domestic_treatment,residual
Packaging ,2036,200693.56811906726,formal_domestic_treatment,recycling
Packaging ,2036,120416.14087144035,formal_domestic_treatment,residual
Packaging ,2036,80277.42724762691,formal_domestic_treatment,recycling
Packaging ,2036,120416.14087144035,formal_domestic_treatment,residual
Packaging ,2036,80277.42724762691,formal_domestic_treatment,recycling
Packaging ,2037,301429.74491694383,formal_domestic_treatment,residual
Packaging ,2037,200953.16327796257,formal_domestic_treatment,recycling
Packaging ,2037,120571.89796677753,formal_domestic_treatment,residual
Packaging ,2037,80381.26531118504,formal_domestic_treatment,recycling
Packaging ,2037,120571.89796677753,formal_domestic_treatment,residual
Packaging ,2037,80381.26531118504,formal_domestic_treatment,recycling
Packaging ,2038,301802.18657195434,formal_domestic_treatment,residual
Packaging ,2038,201201.45771463623,formal_domestic_treatment,recycling
Packaging ,2038,120720.87462878173,formal_domestic_treatment,residual
Packaging ,2038,80480.5830858545,formal_domestic_treatment,recycling
Packaging ,2038,120720.87462878173,formal_domestic_treatment,residual
Packaging ,2038,80480.5830858545,formal_domestic_treatment,recycling
Packaging ,2039,302159.112345283,formal_domestic_treatment,residual
Packaging ,2039,201439.40823018868,formal_domestic_treatment,recycling
Packaging ,2039,120863.6449381132,formal_domestic_treatment,residual
Packaging ,2039,80575.76329207548,formal_domestic_treatment,recycling
Packaging ,2039,120863.6449381132,formal_domestic_treatment,residual
Packaging ,2039,80575.76329207548,formal_domestic_treatment,recycling
Packaging ,2040,302499.11525708885,formal_domestic_treatment,residual
Packaging ,2040,201666.07683805926,formal_domestic_treatment,recycling
Packaging ,2040,120999.64610283556,formal_domestic_treatment,residual
Packaging ,2040,80666.43073522371,formal_domestic_treatment,recycling
Packaging ,2040,120999.64610283556,formal_domestic_treatment,residual
Packaging ,2040,80666.43073522371,formal_domestic_treatment,recycling
Packaging ,2041,302820.3044204491,formal_domestic_treatment,residual
Packaging ,2041,201880.20294696605,formal_domestic_treatment,recycling
Packaging ,2041,121128.12176817963,formal_domestic_treatment,residual
Packaging ,2041,80752.08117878642,formal_domestic_treatment,recycling
Packaging ,2041,121128.12176817963,formal_domestic_treatment,residual
Packaging ,2041,80752.08117878642,formal_domestic_treatment,recycling
Packaging ,2042,303122.48931363295,formal_domestic_treatment,residual
Packaging ,2042,202081.65954242198,formal_domestic_treatment,recycling
Packaging ,2042,121248.99572545319,formal_domestic_treatment,residual
Packaging ,2042,80832.6638169688,formal_domestic_treatment,recycling
Packaging ,2042,121248.99572545319,formal_domestic_treatment,residual
Packaging ,2042,80832.6638169688,formal_domestic_treatment,recycling
