material,application,variable,year,value,
pet,bottle,historical data for la collected,2014,0.378152964,
pet,bottle,historical data for la collected,2015,0.384204465,
pet,bottle,historical data for la collected,2016,0.388583223, 
pet,bottle,historical data for la collected,2017,0.368090016,
pet,bottle,historical data for la collected,2018,0.357431516,
pet,bottle,historical data for la collected,2019,0.377737053,
pet,bottle,historical data for la collected,2020,0.407769943,
pet,bottle,historical data for la collected,2021,0.413407561,
pet,bottle,historical data for la collected,2022,0.391954918,
pet,bottle,historical data for la collected,2023,0.391954978,
pet,bottle,wmc historical,2014,0.575846899,
pet,bottle,wmc historical,2015,0.56979547,
pet,bottle,wmc historical,2016,0.565416865,
pet,bottle,wmc historical,2017,0.585910073,
pet,bottle,wmc historical,2018,0.596568377,
pet,bottle,wmc historical,2019,0.576262952,
pet,bottle,wmc historical,2020,0.54623003,
pet,bottle,wmc historical,2021,0.540592441,
pet,bottle,wmc historical,2022,0.562045048,
pet,bottle,wmc historical,2023,0.56204503,
pet,bottle,littering rate historical data,2014,0.039999994,
pet,bottle,littering rate historical data,2015,0.040000009,
pet,bottle,littering rate historical data,2016,0.040000009,
pet,bottle,littering rate historical data,2017,0.040000009,
pet,bottle,littering rate historical data,2018,0.039999997,
pet,bottle,littering rate historical data,2019,0.040000005,
pet,bottle,littering rate historical data,2020,0.040000005,
pet,bottle,littering rate historical data,2021,0.039999995,
pet,bottle,littering rate historical data,2022,0.040000003,
pet,bottle,littering rate historical data,2023,0.040000003,
pet,bottle,rate to illegal collection,2014,0.005999999,
pet,bottle,rate to illegal collection,2015,0.006000001,
pet,bottle,rate to illegal collection,2016,0.006000001,
pet,bottle,rate to illegal collection,2017,0.006000001,
pet,bottle,rate to illegal collection,2018,0.006,
pet,bottle,rate to illegal collection,2019,0.005999999,
pet,bottle,rate to illegal collection,2020,0.005999999,
pet,bottle,rate to illegal collection,2021,0.006000001,
pet,bottle,rate to illegal collection,2022,0.006,
pet,bottle,rate to illegal collection,2023,0.006,
pet,bottle,rvm historical,2014,0,
pet,bottle,rvm historical,2015,0,
pet,bottle,rvm historical,2016,0,
pet,bottle,rvm historical,2017,0,
pet,bottle,rvm historical,2018,0,
pet,bottle,rvm historical,2019,0,
pet,bottle,rvm historical,2020,0,
pet,bottle,rvm historical,2021,0,
pet,bottle,rvm historical,2022,0,
pet,bottle,rvm historical,2023,0,
pet,ptt,historical data for la collected,2014,0.378152964,
pet,ptt,historical data for la collected,2015,0.384204465,
pet,ptt,historical data for la collected,2016,0.388583223,
pet,ptt,historical data for la collected,2017,0.368090016,
pet,ptt,historical data for la collected,2018,0.357431516,
pet,ptt,historical data for la collected,2019,0.377737053,
pet,ptt,historical data for la collected,2020,0.407769943,
pet,ptt,historical data for la collected,2021,0.413407561,
pet,ptt,historical data for la collected,2022,0.391954918,
pet,ptt,historical data for la collected,2023,0.391954978,
pet,ptt,wmc historical,2014,0.575846899,
pet,ptt,wmc historical,2015,0.56979547,
pet,ptt,wmc historical,2016,0.565416865,
pet,ptt,wmc historical,2017,0.585910073,
pet,ptt,wmc historical,2018,0.596568377,
pet,ptt,wmc historical,2019,0.576262952,
pet,ptt,wmc historical,2020,0.54623003,
pet,ptt,wmc historical,2021,0.540592441,
pet,ptt,wmc historical,2022,0.562045048,
pet,ptt,wmc historical,2023,0.56204503,
pet,ptt,littering rate historical data,2014,0.039999994,
pet,ptt,littering rate historical data,2015,0.040000009,
pet,ptt,littering rate historical data,2016,0.040000009,
pet,ptt,littering rate historical data,2017,0.040000009,
pet,ptt,littering rate historical data,2018,0.039999997,
pet,ptt,littering rate historical data,2019,0.040000005,
pet,ptt,littering rate historical data,2020,0.040000005,
pet,ptt,littering rate historical data,2021,0.039999995,
pet,ptt,littering rate historical data,2022,0.040000003,
pet,ptt,littering rate historical data,2023,0.040000003,
pet,ptt,rate to illegal collection,2014,0.005999999,
pet,ptt,rate to illegal collection,2015,0.006000001,
pet,ptt,rate to illegal collection,2016,0.006000001,
pet,ptt,rate to illegal collection,2017,0.006000001,
pet,ptt,rate to illegal collection,2018,0.006,
pet,ptt,rate to illegal collection,2019,0.005999999,
pet,ptt,rate to illegal collection,2020,0.005999999,
pet,ptt,rate to illegal collection,2021,0.006000001,
pet,ptt,rate to illegal collection,2022,0.006,
pet,ptt,rate to illegal collection,2023,0.006,
pet,ptt,rvm historical,2014,0,
pet,ptt,rvm historical,2015,0,
pet,ptt,rvm historical,2016,0,
pet,ptt,rvm historical,2017,0,
pet,ptt,rvm historical,2018,0,
pet,ptt,rvm historical,2019,0,
pet,ptt,rvm historical,2020,0,
pet,ptt,rvm historical,2021,0,
pet,ptt,rvm historical,2022,0,
pet,ptt,rvm historical,2023,0,
pet,film,historical data for la collected,2014,0.378153,
pet,film,historical data for la collected,2015,0.384204,
pet,film,historical data for la collected,2016,0.388583,
pet,film,historical data for la collected,2017,0.36809,
pet,film,historical data for la collected,2018,0.357432,
pet,film,historical data for la collected,2019,0.377737,
pet,film,historical data for la collected,2020,0.40777,
pet,film,historical data for la collected,2021,0.413408,
pet,film,historical data for la collected,2022,0.391955,
pet,film,historical data for la collected,2023,0.391955,
pet,film,wmc historical,2014,0.575847,
pet,film,wmc historical,2015,0.569795,
pet,film,wmc historical,2016,0.565417,
pet,film,wmc historical,2017,0.58591,
pet,film,wmc historical,2018,0.596568,
pet,film,wmc historical,2019,0.576263,
pet,film,wmc historical,2020,0.54623,
pet,film,wmc historical,2021,0.540592,
pet,film,wmc historical,2022,0.562045,
pet,film,wmc historical,2023,0.562045,
pet,film,littering rate historical data,2014,0.04,
pet,film,littering rate historical data,2015,0.04,
pet,film,littering rate historical data,2016,0.04,
pet,film,littering rate historical data,2017,0.04,
pet,film,littering rate historical data,2018,0.04,
pet,film,littering rate historical data,2019,0.04,
pet,film,littering rate historical data,2020,0.04,
pet,film,littering rate historical data,2021,0.04,
pet,film,littering rate historical data,2022,0.04,
pet,film,littering rate historical data,2023,0.04,
pet,film,rate to illegal collection,2014,0.006,
pet,film,rate to illegal collection,2015,0.006,
pet,film,rate to illegal collection,2016,0.006,
pet,film,rate to illegal collection,2017,0.006,
pet,film,rate to illegal collection,2018,0.006,
pet,film,rate to illegal collection,2019,0.006,
pet,film,rate to illegal collection,2020,0.006,
pet,film,rate to illegal collection,2021,0.006,
pet,film,rate to illegal collection,2022,0.006,
pet,film,rate to illegal collection,2023,0.006,
pet,film,rvm historical,2014,0,
pet,film,rvm historical,2015,0,
pet,film,rvm historical,2016,0,
pet,film,rvm historical,2017,0,
pet,film,rvm historical,2018,0,
pet,film,rvm historical,2019,0,
pet,film,rvm historical,2020,0,
pet,film,rvm historical,2021,0,
pet,film,rvm historical,2022,0,
pet,film,rvm historical,2023,0,
pet,other,historical data for la collected,2014,0.378153,
pet,other,historical data for la collected,2015,0.384204,
pet,other,historical data for la collected,2016,0.388583,
pet,other,historical data for la collected,2017,0.36809,
pet,other,historical data for la collected,2018,0.357432,
pet,other,historical data for la collected,2019,0.377737,
pet,other,historical data for la collected,2020,0.40777,
pet,other,historical data for la collected,2021,0.413408,
pet,other,historical data for la collected,2022,0.391955,
pet,other,historical data for la collected,2023,0.391955,
pet,other,wmc historical,2014,0.575847,
pet,other,wmc historical,2015,0.569795,
pet,other,wmc historical,2016,0.565417,
pet,other,wmc historical,2017,0.58591,
pet,other,wmc historical,2018,0.596568,
pet,other,wmc historical,2019,0.576263,
pet,other,wmc historical,2020,0.54623,
pet,other,wmc historical,2021,0.540592,
pet,other,wmc historical,2022,0.562045,
pet,other,wmc historical,2023,0.562045,
pet,other,littering rate historical data,2014,0.04,
pet,other,littering rate historical data,2015,0.04,
pet,other,littering rate historical data,2016,0.04,
pet,other,littering rate historical data,2017,0.04,
pet,other,littering rate historical data,2018,0.04,
pet,other,littering rate historical data,2019,0.04,
pet,other,littering rate historical data,2020,0.04,
pet,other,littering rate historical data,2021,0.04,
pet,other,littering rate historical data,2022,0.04,
pet,other,littering rate historical data,2023,0.04,
pet,other,rate to illegal collection,2014,0.006,
pet,other,rate to illegal collection,2015,0.006,
pet,other,rate to illegal collection,2016,0.006,
pet,other,rate to illegal collection,2017,0.006,
pet,other,rate to illegal collection,2018,0.006,
pet,other,rate to illegal collection,2019,0.006,
pet,other,rate to illegal collection,2020,0.006,
pet,other,rate to illegal collection,2021,0.006,
pet,other,rate to illegal collection,2022,0.006,
pet,other,rate to illegal collection,2023,0.006,
pet,other,rvm historical,2014,0,
pet,other,rvm historical,2015,0,
pet,other,rvm historical,2016,0,
pet,other,rvm historical,2017,0,
pet,other,rvm historical,2018,0,
pet,other,rvm historical,2019,0,
pet,other,rvm historical,2020,0,
pet,other,rvm historical,2021,0,
pet,other,rvm historical,2022,0,
pet,other,rvm historical,2023,0,
pvc,bottle,historical data for la collected,2014,0.378152964,
pvc,bottle,historical data for la collected,2015,0.384204465,
pvc,bottle,historical data for la collected,2016,0.388583223,
pvc,bottle,historical data for la collected,2017,0.368090016,
pvc,bottle,historical data for la collected,2018,0.357431516,
pvc,bottle,historical data for la collected,2019,0.377737053,
pvc,bottle,historical data for la collected,2020,0.407769943,
pvc,bottle,historical data for la collected,2021,0.413407561,
pvc,bottle,historical data for la collected,2022,0.391954918,
pvc,bottle,historical data for la collected,2023,0.391954978,
pvc,bottle,wmc historical,2014,0.575846899,
pvc,bottle,wmc historical,2015,0.56979547,
pvc,bottle,wmc historical,2016,0.565416865,
pvc,bottle,wmc historical,2017,0.585910073,
pvc,bottle,wmc historical,2018,0.596568377,
pvc,bottle,wmc historical,2019,0.576262952,
pvc,bottle,wmc historical,2020,0.54623003,
pvc,bottle,wmc historical,2021,0.540592441,
pvc,bottle,wmc historical,2022,0.562045048,
pvc,bottle,wmc historical,2023,0.56204503,
pvc,bottle,littering rate historical data,2014,0.039999994,
pvc,bottle,littering rate historical data,2015,0.040000009,
pvc,bottle,littering rate historical data,2016,0.040000009,
pvc,bottle,littering rate historical data,2017,0.040000009,
pvc,bottle,littering rate historical data,2018,0.039999997,
pvc,bottle,littering rate historical data,2019,0.040000005,
pvc,bottle,littering rate historical data,2020,0.040000005,
pvc,bottle,littering rate historical data,2021,0.039999995,
pvc,bottle,littering rate historical data,2022,0.040000003,
pvc,bottle,littering rate historical data,2023,0.040000003,
pvc,bottle,rate to illegal collection,2014,0.005999999,
pvc,bottle,rate to illegal collection,2015,0.006000001,
pvc,bottle,rate to illegal collection,2016,0.006000001,
pvc,bottle,rate to illegal collection,2017,0.006000001,
pvc,bottle,rate to illegal collection,2018,0.006,
pvc,bottle,rate to illegal collection,2019,0.005999999,
pvc,bottle,rate to illegal collection,2020,0.005999999,
pvc,bottle,rate to illegal collection,2021,0.006000001,
pvc,bottle,rate to illegal collection,2022,0.006,
pvc,bottle,rate to illegal collection,2023,0.006,
pvc,bottle,rvm historical,2014,0,
pvc,bottle,rvm historical,2015,0,
pvc,bottle,rvm historical,2016,0,
pvc,bottle,rvm historical,2017,0,
pvc,bottle,rvm historical,2018,0,
pvc,bottle,rvm historical,2019,0,
pvc,bottle,rvm historical,2020,0,
pvc,bottle,rvm historical,2021,0,
pvc,bottle,rvm historical,2022,0,
pvc,bottle,rvm historical,2023,0,
pvc,ptt,historical data for la collected,2014,0.378152964,
pvc,ptt,historical data for la collected,2015,0.384204465,
pvc,ptt,historical data for la collected,2016,0.388583223,
pvc,ptt,historical data for la collected,2017,0.368090016,
pvc,ptt,historical data for la collected,2018,0.357431516,
pvc,ptt,historical data for la collected,2019,0.377737053,
pvc,ptt,historical data for la collected,2020,0.407769943,
pvc,ptt,historical data for la collected,2021,0.413407561,
pvc,ptt,historical data for la collected,2022,0.391954918,
pvc,ptt,historical data for la collected,2023,0.391954978,
pvc,ptt,wmc historical,2014,0.575846899,
pvc,ptt,wmc historical,2015,0.56979547,
pvc,ptt,wmc historical,2016,0.565416865,
pvc,ptt,wmc historical,2017,0.585910073,
pvc,ptt,wmc historical,2018,0.596568377,
pvc,ptt,wmc historical,2019,0.576262952,
pvc,ptt,wmc historical,2020,0.54623003,
pvc,ptt,wmc historical,2021,0.540592441,
pvc,ptt,wmc historical,2022,0.562045048,
pvc,ptt,wmc historical,2023,0.56204503,
pvc,ptt,littering rate historical data,2014,0.039999994,
pvc,ptt,littering rate historical data,2015,0.040000009,
pvc,ptt,littering rate historical data,2016,0.040000009,
pvc,ptt,littering rate historical data,2017,0.040000009,
pvc,ptt,littering rate historical data,2018,0.039999997,
pvc,ptt,littering rate historical data,2019,0.040000005,
pvc,ptt,littering rate historical data,2020,0.040000005,
pvc,ptt,littering rate historical data,2021,0.039999995,
pvc,ptt,littering rate historical data,2022,0.040000003,
pvc,ptt,littering rate historical data,2023,0.040000003,
pvc,ptt,rate to illegal collection,2014,0.005999999,
pvc,ptt,rate to illegal collection,2015,0.006000001,
pvc,ptt,rate to illegal collection,2016,0.006000001,
pvc,ptt,rate to illegal collection,2017,0.006000001,
pvc,ptt,rate to illegal collection,2018,0.006,
pvc,ptt,rate to illegal collection,2019,0.005999999,
pvc,ptt,rate to illegal collection,2020,0.005999999,
pvc,ptt,rate to illegal collection,2021,0.006000001,
pvc,ptt,rate to illegal collection,2022,0.006,
pvc,ptt,rate to illegal collection,2023,0.006,
pvc,ptt,rvm historical,2014,0,
pvc,ptt,rvm historical,2015,0,
pvc,ptt,rvm historical,2016,0,
pvc,ptt,rvm historical,2017,0,
pvc,ptt,rvm historical,2018,0,
pvc,ptt,rvm historical,2019,0,
pvc,ptt,rvm historical,2020,0,
pvc,ptt,rvm historical,2021,0,
pvc,ptt,rvm historical,2022,0,
pvc,ptt,rvm historical,2023,0,
pvc,film,historical data for la collected,2014,0.378153,
pvc,film,historical data for la collected,2015,0.384204,
pvc,film,historical data for la collected,2016,0.388583,
pvc,film,historical data for la collected,2017,0.36809,
pvc,film,historical data for la collected,2018,0.357432,
pvc,film,historical data for la collected,2019,0.377737,
pvc,film,historical data for la collected,2020,0.40777,
pvc,film,historical data for la collected,2021,0.413408,
pvc,film,historical data for la collected,2022,0.391955,
pvc,film,historical data for la collected,2023,0.391955,
pvc,film,wmc historical,2014,0.575847,
pvc,film,wmc historical,2015,0.569795,
pvc,film,wmc historical,2016,0.565417,
pvc,film,wmc historical,2017,0.58591,
pvc,film,wmc historical,2018,0.596568,
pvc,film,wmc historical,2019,0.576263,
pvc,film,wmc historical,2020,0.54623,
pvc,film,wmc historical,2021,0.540592,
pvc,film,wmc historical,2022,0.562045,
pvc,film,wmc historical,2023,0.562045,
pvc,film,littering rate historical data,2014,0.04,
pvc,film,littering rate historical data,2015,0.04,
pvc,film,littering rate historical data,2016,0.04,
pvc,film,littering rate historical data,2017,0.04,
pvc,film,littering rate historical data,2018,0.04,
pvc,film,littering rate historical data,2019,0.04,
pvc,film,littering rate historical data,2020,0.04,
pvc,film,littering rate historical data,2021,0.04,
pvc,film,littering rate historical data,2022,0.04,
pvc,film,littering rate historical data,2023,0.04,
pvc,film,rate to illegal collection,2014,0.006,
pvc,film,rate to illegal collection,2015,0.006,
pvc,film,rate to illegal collection,2016,0.006,
pvc,film,rate to illegal collection,2017,0.006,
pvc,film,rate to illegal collection,2018,0.006,
pvc,film,rate to illegal collection,2019,0.006,
pvc,film,rate to illegal collection,2020,0.006,
pvc,film,rate to illegal collection,2021,0.006,
pvc,film,rate to illegal collection,2022,0.006,
pvc,film,rate to illegal collection,2023,0.006,
pvc,film,rvm historical,2014,0,
pvc,film,rvm historical,2015,0,
pvc,film,rvm historical,2016,0,
pvc,film,rvm historical,2017,0,
pvc,film,rvm historical,2018,0,
pvc,film,rvm historical,2019,0,
pvc,film,rvm historical,2020,0,
pvc,film,rvm historical,2021,0,
pvc,film,rvm historical,2022,0,
pvc,film,rvm historical,2023,0,
pvc,other,historical data for la collected,2014,0.378153,
pvc,other,historical data for la collected,2015,0.384204,
pvc,other,historical data for la collected,2016,0.388583,
pvc,other,historical data for la collected,2017,0.36809,
pvc,other,historical data for la collected,2018,0.357432,
pvc,other,historical data for la collected,2019,0.377737,
pvc,other,historical data for la collected,2020,0.40777,
pvc,other,historical data for la collected,2021,0.413408,
pvc,other,historical data for la collected,2022,0.391955,
pvc,other,historical data for la collected,2023,0.391955,
pvc,other,wmc historical,2014,0.575847,
pvc,other,wmc historical,2015,0.569795,
pvc,other,wmc historical,2016,0.565417,
pvc,other,wmc historical,2017,0.58591,
pvc,other,wmc historical,2018,0.596568,
pvc,other,wmc historical,2019,0.576263,
pvc,other,wmc historical,2020,0.54623,
pvc,other,wmc historical,2021,0.540592,
pvc,other,wmc historical,2022,0.562045,
pvc,other,wmc historical,2023,0.562045,
pvc,other,littering rate historical data,2014,0.04,
pvc,other,littering rate historical data,2015,0.04,
pvc,other,littering rate historical data,2016,0.04,
pvc,other,littering rate historical data,2017,0.04,
pvc,other,littering rate historical data,2018,0.04,
pvc,other,littering rate historical data,2019,0.04,
pvc,other,littering rate historical data,2020,0.04,
pvc,other,littering rate historical data,2021,0.04,
pvc,other,littering rate historical data,2022,0.04,
pvc,other,littering rate historical data,2023,0.04,
pvc,other,rate to illegal collection,2014,0.006,
pvc,other,rate to illegal collection,2015,0.006,
pvc,other,rate to illegal collection,2016,0.006,
pvc,other,rate to illegal collection,2017,0.006,
pvc,other,rate to illegal collection,2018,0.006,
pvc,other,rate to illegal collection,2019,0.006,
pvc,other,rate to illegal collection,2020,0.006,
pvc,other,rate to illegal collection,2021,0.006,
pvc,other,rate to illegal collection,2022,0.006,
pvc,other,rate to illegal collection,2023,0.006,
pvc,other,rvm historical,2014,0,
pvc,other,rvm historical,2015,0,
pvc,other,rvm historical,2016,0,
pvc,other,rvm historical,2017,0,
pvc,other,rvm historical,2018,0,
pvc,other,rvm historical,2019,0,
pvc,other,rvm historical,2020,0,
pvc,other,rvm historical,2021,0,
pvc,other,rvm historical,2022,0,
pvc,other,rvm historical,2023,0,
pe,bottle,historical data for la collected,2014,0.378153,
pe,bottle,historical data for la collected,2015,0.384204,
pe,bottle,historical data for la collected,2016,0.388583,
pe,bottle,historical data for la collected,2017,0.36809,
pe,bottle,historical data for la collected,2018,0.357432,
pe,bottle,historical data for la collected,2019,0.377737,
pe,bottle,historical data for la collected,2020,0.40777,
pe,bottle,historical data for la collected,2021,0.413408,
pe,bottle,historical data for la collected,2022,0.391955,
pe,bottle,historical data for la collected,2023,0.391955,
pe,bottle,wmc historical,2014,0.575847,
pe,bottle,wmc historical,2015,0.569795,
pe,bottle,wmc historical,2016,0.565417,
pe,bottle,wmc historical,2017,0.58591,
pe,bottle,wmc historical,2018,0.596568,
pe,bottle,wmc historical,2019,0.576263,
pe,bottle,wmc historical,2020,0.54623,
pe,bottle,wmc historical,2021,0.540592,
pe,bottle,wmc historical,2022,0.562045,
pe,bottle,wmc historical,2023,0.562045,
pe,bottle,littering rate historical data,2014,0.04,
pe,bottle,littering rate historical data,2015,0.04,
pe,bottle,littering rate historical data,2016,0.04,
pe,bottle,littering rate historical data,2017,0.04,
pe,bottle,littering rate historical data,2018,0.04,
pe,bottle,littering rate historical data,2019,0.04,
pe,bottle,littering rate historical data,2020,0.04,
pe,bottle,littering rate historical data,2021,0.04,
pe,bottle,littering rate historical data,2022,0.04,
pe,bottle,littering rate historical data,2023,0.04,
pe,bottle,rate to illegal collection,2014,0.006,
pe,bottle,rate to illegal collection,2015,0.006,
pe,bottle,rate to illegal collection,2016,0.006,
pe,bottle,rate to illegal collection,2017,0.006,
pe,bottle,rate to illegal collection,2018,0.006,
pe,bottle,rate to illegal collection,2019,0.006,
pe,bottle,rate to illegal collection,2020,0.006,
pe,bottle,rate to illegal collection,2021,0.006,
pe,bottle,rate to illegal collection,2022,0.006,
pe,bottle,rate to illegal collection,2023,0.006,
pe,bottle,rvm historical,2014,0,
pe,bottle,rvm historical,2015,0,
pe,bottle,rvm historical,2016,0,
pe,bottle,rvm historical,2017,0,
pe,bottle,rvm historical,2018,0,
pe,bottle,rvm historical,2019,0,
pe,bottle,rvm historical,2020,0,
pe,bottle,rvm historical,2021,0,
pe,bottle,rvm historical,2022,0,
pe,bottle,rvm historical,2023,0,
pe,ptt,historical data for la collected,2014,0.378153,
pe,ptt,historical data for la collected,2015,0.384204,
pe,ptt,historical data for la collected,2016,0.388583,
pe,ptt,historical data for la collected,2017,0.36809,
pe,ptt,historical data for la collected,2018,0.357432,
pe,ptt,historical data for la collected,2019,0.377737,
pe,ptt,historical data for la collected,2020,0.40777,
pe,ptt,historical data for la collected,2021,0.413408,
pe,ptt,historical data for la collected,2022,0.391955,
pe,ptt,historical data for la collected,2023,0.391955,
pe,ptt,wmc historical,2014,0.575847,
pe,ptt,wmc historical,2015,0.569795,
pe,ptt,wmc historical,2016,0.565417,
pe,ptt,wmc historical,2017,0.58591,
pe,ptt,wmc historical,2018,0.596568,
pe,ptt,wmc historical,2019,0.576263,
pe,ptt,wmc historical,2020,0.54623,
pe,ptt,wmc historical,2021,0.540592,
pe,ptt,wmc historical,2022,0.562045,
pe,ptt,wmc historical,2023,0.562045,
pe,ptt,littering rate historical data,2014,0.04,
pe,ptt,littering rate historical data,2015,0.04,
pe,ptt,littering rate historical data,2016,0.04,
pe,ptt,littering rate historical data,2017,0.04,
pe,ptt,littering rate historical data,2018,0.04,
pe,ptt,littering rate historical data,2019,0.04,
pe,ptt,littering rate historical data,2020,0.04,
pe,ptt,littering rate historical data,2021,0.04,
pe,ptt,littering rate historical data,2022,0.04,
pe,ptt,littering rate historical data,2023,0.04,
pe,ptt,rate to illegal collection,2014,0.006,
pe,ptt,rate to illegal collection,2015,0.006,
pe,ptt,rate to illegal collection,2016,0.006,
pe,ptt,rate to illegal collection,2017,0.006,
pe,ptt,rate to illegal collection,2018,0.006,
pe,ptt,rate to illegal collection,2019,0.006,
pe,ptt,rate to illegal collection,2020,0.006,
pe,ptt,rate to illegal collection,2021,0.006,
pe,ptt,rate to illegal collection,2022,0.006,
pe,ptt,rate to illegal collection,2023,0.006,
pe,ptt,rvm historical,2014,0,
pe,ptt,rvm historical,2015,0,
pe,ptt,rvm historical,2016,0,
pe,ptt,rvm historical,2017,0,
pe,ptt,rvm historical,2018,0,
pe,ptt,rvm historical,2019,0,
pe,ptt,rvm historical,2020,0,
pe,ptt,rvm historical,2021,0,
pe,ptt,rvm historical,2022,0,
pe,ptt,rvm historical,2023,0,
pe,film,historical data for la collected,2014,0.378153,
pe,film,historical data for la collected,2015,0.384204,
pe,film,historical data for la collected,2016,0.388583,
pe,film,historical data for la collected,2017,0.36809,
pe,film,historical data for la collected,2018,0.357432,
pe,film,historical data for la collected,2019,0.377737,
pe,film,historical data for la collected,2020,0.40777,
pe,film,historical data for la collected,2021,0.413408,
pe,film,historical data for la collected,2022,0.391955,
pe,film,historical data for la collected,2023,0.391955,
pe,film,wmc historical,2014,0.575847,
pe,film,wmc historical,2015,0.569795,
pe,film,wmc historical,2016,0.565417,
pe,film,wmc historical,2017,0.58591,
pe,film,wmc historical,2018,0.596568,
pe,film,wmc historical,2019,0.576263,
pe,film,wmc historical,2020,0.54623,
pe,film,wmc historical,2021,0.540592,
pe,film,wmc historical,2022,0.562045,
pe,film,wmc historical,2023,0.562045,
pe,film,littering rate historical data,2014,0.04,
pe,film,littering rate historical data,2015,0.04,
pe,film,littering rate historical data,2016,0.04,
pe,film,littering rate historical data,2017,0.04,
pe,film,littering rate historical data,2018,0.04,
pe,film,littering rate historical data,2019,0.04,
pe,film,littering rate historical data,2020,0.04,
pe,film,littering rate historical data,2021,0.04,
pe,film,littering rate historical data,2022,0.04,
pe,film,littering rate historical data,2023,0.04,
pe,film,rate to illegal collection,2014,0.006,
pe,film,rate to illegal collection,2015,0.006,
pe,film,rate to illegal collection,2016,0.006,
pe,film,rate to illegal collection,2017,0.006,
pe,film,rate to illegal collection,2018,0.006,
pe,film,rate to illegal collection,2019,0.006,
pe,film,rate to illegal collection,2020,0.006,
pe,film,rate to illegal collection,2021,0.006,
pe,film,rate to illegal collection,2022,0.006,
pe,film,rate to illegal collection,2023,0.006,
pe,film,rvm historical,2014,0,
pe,film,rvm historical,2015,0,
pe,film,rvm historical,2016,0,
pe,film,rvm historical,2017,0,
pe,film,rvm historical,2018,0,
pe,film,rvm historical,2019,0,
pe,film,rvm historical,2020,0,
pe,film,rvm historical,2021,0,
pe,film,rvm historical,2022,0,
pe,film,rvm historical,2023,0,
pe,other,historical data for la collected,2014,0.378153,
pe,other,historical data for la collected,2015,0.384204,
pe,other,historical data for la collected,2016,0.388583,
pe,other,historical data for la collected,2017,0.36809,
pe,other,historical data for la collected,2018,0.357432,
pe,other,historical data for la collected,2019,0.377737,
pe,other,historical data for la collected,2020,0.40777,
pe,other,historical data for la collected,2021,0.413408,
pe,other,historical data for la collected,2022,0.391955,
pe,other,historical data for la collected,2023,0.391955,
pe,other,wmc historical,2014,0.575847,
pe,other,wmc historical,2015,0.569795,
pe,other,wmc historical,2016,0.565417,
pe,other,wmc historical,2017,0.58591,
pe,other,wmc historical,2018,0.596568,
pe,other,wmc historical,2019,0.576263,
pe,other,wmc historical,2020,0.54623,
pe,other,wmc historical,2021,0.540592,
pe,other,wmc historical,2022,0.562045,
pe,other,wmc historical,2023,0.562045,
pe,other,littering rate historical data,2014,0.04,
pe,other,littering rate historical data,2015,0.04,
pe,other,littering rate historical data,2016,0.04,
pe,other,littering rate historical data,2017,0.04,
pe,other,littering rate historical data,2018,0.04,
pe,other,littering rate historical data,2019,0.04,
pe,other,littering rate historical data,2020,0.04,
pe,other,littering rate historical data,2021,0.04,
pe,other,littering rate historical data,2022,0.04,
pe,other,littering rate historical data,2023,0.04,
pe,other,rate to illegal collection,2014,0.006,
pe,other,rate to illegal collection,2015,0.006,
pe,other,rate to illegal collection,2016,0.006,
pe,other,rate to illegal collection,2017,0.006,
pe,other,rate to illegal collection,2018,0.006,
pe,other,rate to illegal collection,2019,0.006,
pe,other,rate to illegal collection,2020,0.006,
pe,other,rate to illegal collection,2021,0.006,
pe,other,rate to illegal collection,2022,0.006,
pe,other,rate to illegal collection,2023,0.006,
pe,other,rvm historical,2014,0,
pe,other,rvm historical,2015,0,
pe,other,rvm historical,2016,0,
pe,other,rvm historical,2017,0,
pe,other,rvm historical,2018,0,
pe,other,rvm historical,2019,0,
pe,other,rvm historical,2020,0,
pe,other,rvm historical,2021,0,
pe,other,rvm historical,2022,0,
pe,other,rvm historical,2023,0,
hdpe,bottle,historical data for la collected,2014,0.378153,
hdpe,bottle,historical data for la collected,2015,0.384204,
hdpe,bottle,historical data for la collected,2016,0.388583,
hdpe,bottle,historical data for la collected,2017,0.36809,
hdpe,bottle,historical data for la collected,2018,0.357432,
hdpe,bottle,historical data for la collected,2019,0.377737,
hdpe,bottle,historical data for la collected,2020,0.40777,
hdpe,bottle,historical data for la collected,2021,0.413408,
hdpe,bottle,historical data for la collected,2022,0.391955,
hdpe,bottle,historical data for la collected,2023,0.391955,
hdpe,bottle,wmc historical,2014,0.575847,
hdpe,bottle,wmc historical,2015,0.569795,
hdpe,bottle,wmc historical,2016,0.565417,
hdpe,bottle,wmc historical,2017,0.58591,
hdpe,bottle,wmc historical,2018,0.596568,
hdpe,bottle,wmc historical,2019,0.576263,
hdpe,bottle,wmc historical,2020,0.54623,
hdpe,bottle,wmc historical,2021,0.540592,
hdpe,bottle,wmc historical,2022,0.562045,
hdpe,bottle,wmc historical,2023,0.562045,
hdpe,bottle,littering rate historical data,2014,0.04,
hdpe,bottle,littering rate historical data,2015,0.04,
hdpe,bottle,littering rate historical data,2016,0.04,
hdpe,bottle,littering rate historical data,2017,0.04,
hdpe,bottle,littering rate historical data,2018,0.04,
hdpe,bottle,littering rate historical data,2019,0.04,
hdpe,bottle,littering rate historical data,2020,0.04,
hdpe,bottle,littering rate historical data,2021,0.04,
hdpe,bottle,littering rate historical data,2022,0.04,
hdpe,bottle,littering rate historical data,2023,0.04,
hdpe,bottle,rate to illegal collection,2014,0.006,
hdpe,bottle,rate to illegal collection,2015,0.006,
hdpe,bottle,rate to illegal collection,2016,0.006,
hdpe,bottle,rate to illegal collection,2017,0.006,
hdpe,bottle,rate to illegal collection,2018,0.006,
hdpe,bottle,rate to illegal collection,2019,0.006,
hdpe,bottle,rate to illegal collection,2020,0.006,
hdpe,bottle,rate to illegal collection,2021,0.006,
hdpe,bottle,rate to illegal collection,2022,0.006,
hdpe,bottle,rate to illegal collection,2023,0.006,
hdpe,bottle,rvm historical,2014,0,
hdpe,bottle,rvm historical,2015,0,
hdpe,bottle,rvm historical,2016,0,
hdpe,bottle,rvm historical,2017,0,
hdpe,bottle,rvm historical,2018,0,
hdpe,bottle,rvm historical,2019,0,
hdpe,bottle,rvm historical,2020,0,
hdpe,bottle,rvm historical,2021,0,
hdpe,bottle,rvm historical,2022,0,
hdpe,bottle,rvm historical,2023,0,
hdpe,ptt,historical data for la collected,2014,0.378153,
hdpe,ptt,historical data for la collected,2015,0.384204,
hdpe,ptt,historical data for la collected,2016,0.388583,
hdpe,ptt,historical data for la collected,2017,0.36809,
hdpe,ptt,historical data for la collected,2018,0.357432,
hdpe,ptt,historical data for la collected,2019,0.377737,
hdpe,ptt,historical data for la collected,2020,0.40777,
hdpe,ptt,historical data for la collected,2021,0.413408,
hdpe,ptt,historical data for la collected,2022,0.391955,
hdpe,ptt,historical data for la collected,2023,0.391955,
hdpe,ptt,wmc historical,2014,0.575847,
hdpe,ptt,wmc historical,2015,0.569795,
hdpe,ptt,wmc historical,2016,0.565417,
hdpe,ptt,wmc historical,2017,0.58591,
hdpe,ptt,wmc historical,2018,0.596568,
hdpe,ptt,wmc historical,2019,0.576263,
hdpe,ptt,wmc historical,2020,0.54623,
hdpe,ptt,wmc historical,2021,0.540592,
hdpe,ptt,wmc historical,2022,0.562045,
hdpe,ptt,wmc historical,2023,0.562045,
hdpe,ptt,littering rate historical data,2014,0.04,
hdpe,ptt,littering rate historical data,2015,0.04,
hdpe,ptt,littering rate historical data,2016,0.04,
hdpe,ptt,littering rate historical data,2017,0.04,
hdpe,ptt,littering rate historical data,2018,0.04,
hdpe,ptt,littering rate historical data,2019,0.04,
hdpe,ptt,littering rate historical data,2020,0.04,
hdpe,ptt,littering rate historical data,2021,0.04,
hdpe,ptt,littering rate historical data,2022,0.04,
hdpe,ptt,littering rate historical data,2023,0.04,
hdpe,ptt,rate to illegal collection,2014,0.006,
hdpe,ptt,rate to illegal collection,2015,0.006,
hdpe,ptt,rate to illegal collection,2016,0.006,
hdpe,ptt,rate to illegal collection,2017,0.006,
hdpe,ptt,rate to illegal collection,2018,0.006,
hdpe,ptt,rate to illegal collection,2019,0.006,
hdpe,ptt,rate to illegal collection,2020,0.006,
hdpe,ptt,rate to illegal collection,2021,0.006,
hdpe,ptt,rate to illegal collection,2022,0.006,
hdpe,ptt,rate to illegal collection,2023,0.006,
hdpe,ptt,rvm historical,2014,0,
hdpe,ptt,rvm historical,2015,0,
hdpe,ptt,rvm historical,2016,0,
hdpe,ptt,rvm historical,2017,0,
hdpe,ptt,rvm historical,2018,0,
hdpe,ptt,rvm historical,2019,0,
hdpe,ptt,rvm historical,2020,0,
hdpe,ptt,rvm historical,2021,0,
hdpe,ptt,rvm historical,2022,0,
hdpe,ptt,rvm historical,2023,0,
hdpe,film,historical data for la collected,2014,0.378153,
hdpe,film,historical data for la collected,2015,0.384204,
hdpe,film,historical data for la collected,2016,0.388583,
hdpe,film,historical data for la collected,2017,0.36809,
hdpe,film,historical data for la collected,2018,0.357432,
hdpe,film,historical data for la collected,2019,0.377737,
hdpe,film,historical data for la collected,2020,0.40777,
hdpe,film,historical data for la collected,2021,0.413408,
hdpe,film,historical data for la collected,2022,0.391955,
hdpe,film,historical data for la collected,2023,0.391955,
hdpe,film,wmc historical,2014,0.575847,
hdpe,film,wmc historical,2015,0.569795,
hdpe,film,wmc historical,2016,0.565417,
hdpe,film,wmc historical,2017,0.58591,
hdpe,film,wmc historical,2018,0.596568,
hdpe,film,wmc historical,2019,0.576263,
hdpe,film,wmc historical,2020,0.54623,
hdpe,film,wmc historical,2021,0.540592,
hdpe,film,wmc historical,2022,0.562045,
hdpe,film,wmc historical,2023,0.562045,
hdpe,film,littering rate historical data,2014,0.04,
hdpe,film,littering rate historical data,2015,0.04,
hdpe,film,littering rate historical data,2016,0.04,
hdpe,film,littering rate historical data,2017,0.04,
hdpe,film,littering rate historical data,2018,0.04,
hdpe,film,littering rate historical data,2019,0.04,
hdpe,film,littering rate historical data,2020,0.04,
hdpe,film,littering rate historical data,2021,0.04,
hdpe,film,littering rate historical data,2022,0.04,
hdpe,film,littering rate historical data,2023,0.04,
hdpe,film,rate to illegal collection,2014,0.006,
hdpe,film,rate to illegal collection,2015,0.006,
hdpe,film,rate to illegal collection,2016,0.006,
hdpe,film,rate to illegal collection,2017,0.006,
hdpe,film,rate to illegal collection,2018,0.006,
hdpe,film,rate to illegal collection,2019,0.006,
hdpe,film,rate to illegal collection,2020,0.006,
hdpe,film,rate to illegal collection,2021,0.006,
hdpe,film,rate to illegal collection,2022,0.006,
hdpe,film,rate to illegal collection,2023,0.006,
hdpe,film,rvm historical,2014,0,
hdpe,film,rvm historical,2015,0,
hdpe,film,rvm historical,2016,0,
hdpe,film,rvm historical,2017,0,
hdpe,film,rvm historical,2018,0,
hdpe,film,rvm historical,2019,0,
hdpe,film,rvm historical,2020,0,
hdpe,film,rvm historical,2021,0,
hdpe,film,rvm historical,2022,0,
hdpe,film,rvm historical,2023,0,
hdpe,other,historical data for la collected,2014,0.378153,
hdpe,other,historical data for la collected,2015,0.384204,
hdpe,other,historical data for la collected,2016,0.388583,
hdpe,other,historical data for la collected,2017,0.36809,
hdpe,other,historical data for la collected,2018,0.357432,
hdpe,other,historical data for la collected,2019,0.377737,
hdpe,other,historical data for la collected,2020,0.40777,
hdpe,other,historical data for la collected,2021,0.413408,
hdpe,other,historical data for la collected,2022,0.391955,
hdpe,other,historical data for la collected,2023,0.391955,
hdpe,other,wmc historical,2014,0.575847,
hdpe,other,wmc historical,2015,0.569795,
hdpe,other,wmc historical,2016,0.565417,
hdpe,other,wmc historical,2017,0.58591,
hdpe,other,wmc historical,2018,0.596568,
hdpe,other,wmc historical,2019,0.576263,
hdpe,other,wmc historical,2020,0.54623,
hdpe,other,wmc historical,2021,0.540592,
hdpe,other,wmc historical,2022,0.562045,
hdpe,other,wmc historical,2023,0.562045,
hdpe,other,littering rate historical data,2014,0.04,
hdpe,other,littering rate historical data,2015,0.04,
hdpe,other,littering rate historical data,2016,0.04,
hdpe,other,littering rate historical data,2017,0.04,
hdpe,other,littering rate historical data,2018,0.04,
hdpe,other,littering rate historical data,2019,0.04,
hdpe,other,littering rate historical data,2020,0.04,
hdpe,other,littering rate historical data,2021,0.04,
hdpe,other,littering rate historical data,2022,0.04,
hdpe,other,littering rate historical data,2023,0.04,
hdpe,other,rate to illegal collection,2014,0.006,
hdpe,other,rate to illegal collection,2015,0.006,
hdpe,other,rate to illegal collection,2016,0.006,
hdpe,other,rate to illegal collection,2017,0.006,
hdpe,other,rate to illegal collection,2018,0.006,
hdpe,other,rate to illegal collection,2019,0.006,
hdpe,other,rate to illegal collection,2020,0.006,
hdpe,other,rate to illegal collection,2021,0.006,
hdpe,other,rate to illegal collection,2022,0.006,
hdpe,other,rate to illegal collection,2023,0.006,
hdpe,other,rvm historical,2014,0,
hdpe,other,rvm historical,2015,0,
hdpe,other,rvm historical,2016,0,
hdpe,other,rvm historical,2017,0,
hdpe,other,rvm historical,2018,0,
hdpe,other,rvm historical,2019,0,
hdpe,other,rvm historical,2020,0,
hdpe,other,rvm historical,2021,0,
hdpe,other,rvm historical,2022,0,
hdpe,other,rvm historical,2023,0,
ldpe,bottle,historical data for la collected,2014,0.378153,
ldpe,bottle,historical data for la collected,2015,0.384204,
ldpe,bottle,historical data for la collected,2016,0.388583,
ldpe,bottle,historical data for la collected,2017,0.36809,
ldpe,bottle,historical data for la collected,2018,0.357432,
ldpe,bottle,historical data for la collected,2019,0.377737,
ldpe,bottle,historical data for la collected,2020,0.40777,
ldpe,bottle,historical data for la collected,2021,0.413408,
ldpe,bottle,historical data for la collected,2022,0.391955,
ldpe,bottle,historical data for la collected,2023,0.391955,
ldpe,bottle,wmc historical,2014,0.575847,
ldpe,bottle,wmc historical,2015,0.569795,
ldpe,bottle,wmc historical,2016,0.565417,
ldpe,bottle,wmc historical,2017,0.58591,
ldpe,bottle,wmc historical,2018,0.596568,
ldpe,bottle,wmc historical,2019,0.576263,
ldpe,bottle,wmc historical,2020,0.54623,
ldpe,bottle,wmc historical,2021,0.540592,
ldpe,bottle,wmc historical,2022,0.562045,
ldpe,bottle,wmc historical,2023,0.562045,
ldpe,bottle,littering rate historical data,2014,0.04,
ldpe,bottle,littering rate historical data,2015,0.04,
ldpe,bottle,littering rate historical data,2016,0.04,
ldpe,bottle,littering rate historical data,2017,0.04,
ldpe,bottle,littering rate historical data,2018,0.04,
ldpe,bottle,littering rate historical data,2019,0.04,
ldpe,bottle,littering rate historical data,2020,0.04,
ldpe,bottle,littering rate historical data,2021,0.04,
ldpe,bottle,littering rate historical data,2022,0.04,
ldpe,bottle,littering rate historical data,2023,0.04,
ldpe,bottle,rate to illegal collection,2014,0.006,
ldpe,bottle,rate to illegal collection,2015,0.006,
ldpe,bottle,rate to illegal collection,2016,0.006,
ldpe,bottle,rate to illegal collection,2017,0.006,
ldpe,bottle,rate to illegal collection,2018,0.006,
ldpe,bottle,rate to illegal collection,2019,0.006,
ldpe,bottle,rate to illegal collection,2020,0.006,
ldpe,bottle,rate to illegal collection,2021,0.006,
ldpe,bottle,rate to illegal collection,2022,0.006,
ldpe,bottle,rate to illegal collection,2023,0.006,
ldpe,bottle,rvm historical,2014,0,
ldpe,bottle,rvm historical,2015,0,
ldpe,bottle,rvm historical,2016,0,
ldpe,bottle,rvm historical,2017,0,
ldpe,bottle,rvm historical,2018,0,
ldpe,bottle,rvm historical,2019,0,
ldpe,bottle,rvm historical,2020,0,
ldpe,bottle,rvm historical,2021,0,
ldpe,bottle,rvm historical,2022,0,
ldpe,bottle,rvm historical,2023,0,
ldpe,ptt,historical data for la collected,2014,0.378153,
ldpe,ptt,historical data for la collected,2015,0.384204,
ldpe,ptt,historical data for la collected,2016,0.388583,
ldpe,ptt,historical data for la collected,2017,0.36809,
ldpe,ptt,historical data for la collected,2018,0.357432,
ldpe,ptt,historical data for la collected,2019,0.377737,
ldpe,ptt,historical data for la collected,2020,0.40777,
ldpe,ptt,historical data for la collected,2021,0.413408,
ldpe,ptt,historical data for la collected,2022,0.391955,
ldpe,ptt,historical data for la collected,2023,0.391955,
ldpe,ptt,wmc historical,2014,0.575847,
ldpe,ptt,wmc historical,2015,0.569795,
ldpe,ptt,wmc historical,2016,0.565417,
ldpe,ptt,wmc historical,2017,0.58591,
ldpe,ptt,wmc historical,2018,0.596568,
ldpe,ptt,wmc historical,2019,0.576263,
ldpe,ptt,wmc historical,2020,0.54623,
ldpe,ptt,wmc historical,2021,0.540592,
ldpe,ptt,wmc historical,2022,0.562045,
ldpe,ptt,wmc historical,2023,0.562045,
ldpe,ptt,littering rate historical data,2014,0.04,
ldpe,ptt,littering rate historical data,2015,0.04,
ldpe,ptt,littering rate historical data,2016,0.04,
ldpe,ptt,littering rate historical data,2017,0.04,
ldpe,ptt,littering rate historical data,2018,0.04,
ldpe,ptt,littering rate historical data,2019,0.04,
ldpe,ptt,littering rate historical data,2020,0.04,
ldpe,ptt,littering rate historical data,2021,0.04,
ldpe,ptt,littering rate historical data,2022,0.04,
ldpe,ptt,littering rate historical data,2023,0.04,
ldpe,ptt,rate to illegal collection,2014,0.006,
ldpe,ptt,rate to illegal collection,2015,0.006,
ldpe,ptt,rate to illegal collection,2016,0.006,
ldpe,ptt,rate to illegal collection,2017,0.006,
ldpe,ptt,rate to illegal collection,2018,0.006,
ldpe,ptt,rate to illegal collection,2019,0.006,
ldpe,ptt,rate to illegal collection,2020,0.006,
ldpe,ptt,rate to illegal collection,2021,0.006,
ldpe,ptt,rate to illegal collection,2022,0.006,
ldpe,ptt,rate to illegal collection,2023,0.006,
ldpe,ptt,rvm historical,2014,0,
ldpe,ptt,rvm historical,2015,0,
ldpe,ptt,rvm historical,2016,0,
ldpe,ptt,rvm historical,2017,0,
ldpe,ptt,rvm historical,2018,0,
ldpe,ptt,rvm historical,2019,0,
ldpe,ptt,rvm historical,2020,0,
ldpe,ptt,rvm historical,2021,0,
ldpe,ptt,rvm historical,2022,0,
ldpe,ptt,rvm historical,2023,0,
ldpe,film,historical data for la collected,2014,0.378153,
ldpe,film,historical data for la collected,2015,0.384204,
ldpe,film,historical data for la collected,2016,0.388583,
ldpe,film,historical data for la collected,2017,0.36809,
ldpe,film,historical data for la collected,2018,0.357432,
ldpe,film,historical data for la collected,2019,0.377737,
ldpe,film,historical data for la collected,2020,0.40777,
ldpe,film,historical data for la collected,2021,0.413408,
ldpe,film,historical data for la collected,2022,0.391955,
ldpe,film,historical data for la collected,2023,0.391955,
ldpe,film,wmc historical,2014,0.575847,
ldpe,film,wmc historical,2015,0.569795,
ldpe,film,wmc historical,2016,0.565417,
ldpe,film,wmc historical,2017,0.58591,
ldpe,film,wmc historical,2018,0.596568,
ldpe,film,wmc historical,2019,0.576263,
ldpe,film,wmc historical,2020,0.54623,
ldpe,film,wmc historical,2021,0.540592,
ldpe,film,wmc historical,2022,0.562045,
ldpe,film,wmc historical,2023,0.562045,
ldpe,film,littering rate historical data,2014,0.04,
ldpe,film,littering rate historical data,2015,0.04,
ldpe,film,littering rate historical data,2016,0.04,
ldpe,film,littering rate historical data,2017,0.04,
ldpe,film,littering rate historical data,2018,0.04,
ldpe,film,littering rate historical data,2019,0.04,
ldpe,film,littering rate historical data,2020,0.04,
ldpe,film,littering rate historical data,2021,0.04,
ldpe,film,littering rate historical data,2022,0.04,
ldpe,film,littering rate historical data,2023,0.04,
ldpe,film,rate to illegal collection,2014,0.006,
ldpe,film,rate to illegal collection,2015,0.006,
ldpe,film,rate to illegal collection,2016,0.006,
ldpe,film,rate to illegal collection,2017,0.006,
ldpe,film,rate to illegal collection,2018,0.006,
ldpe,film,rate to illegal collection,2019,0.006,
ldpe,film,rate to illegal collection,2020,0.006,
ldpe,film,rate to illegal collection,2021,0.006,
ldpe,film,rate to illegal collection,2022,0.006,
ldpe,film,rate to illegal collection,2023,0.006,
ldpe,film,rvm historical,2014,0,
ldpe,film,rvm historical,2015,0,
ldpe,film,rvm historical,2016,0,
ldpe,film,rvm historical,2017,0,
ldpe,film,rvm historical,2018,0,
ldpe,film,rvm historical,2019,0,
ldpe,film,rvm historical,2020,0,
ldpe,film,rvm historical,2021,0,
ldpe,film,rvm historical,2022,0,
ldpe,film,rvm historical,2023,0,
ldpe,other,historical data for la collected,2014,0.378153,
ldpe,other,historical data for la collected,2015,0.384204,
ldpe,other,historical data for la collected,2016,0.388583,
ldpe,other,historical data for la collected,2017,0.36809,
ldpe,other,historical data for la collected,2018,0.357432,
ldpe,other,historical data for la collected,2019,0.377737,
ldpe,other,historical data for la collected,2020,0.40777,
ldpe,other,historical data for la collected,2021,0.413408,
ldpe,other,historical data for la collected,2022,0.391955,
ldpe,other,historical data for la collected,2023,0.391955,
ldpe,other,wmc historical,2014,0.575847,
ldpe,other,wmc historical,2015,0.569795,
ldpe,other,wmc historical,2016,0.565417,
ldpe,other,wmc historical,2017,0.58591,
ldpe,other,wmc historical,2018,0.596568,
ldpe,other,wmc historical,2019,0.576263,
ldpe,other,wmc historical,2020,0.54623,
ldpe,other,wmc historical,2021,0.540592,
ldpe,other,wmc historical,2022,0.562045,
ldpe,other,wmc historical,2023,0.562045,
ldpe,other,littering rate historical data,2014,0.04,
ldpe,other,littering rate historical data,2015,0.04,
ldpe,other,littering rate historical data,2016,0.04,
ldpe,other,littering rate historical data,2017,0.04,
ldpe,other,littering rate historical data,2018,0.04,
ldpe,other,littering rate historical data,2019,0.04,
ldpe,other,littering rate historical data,2020,0.04,
ldpe,other,littering rate historical data,2021,0.04,
ldpe,other,littering rate historical data,2022,0.04,
ldpe,other,littering rate historical data,2023,0.04,
ldpe,other,rate to illegal collection,2014,0.006,
ldpe,other,rate to illegal collection,2015,0.006,
ldpe,other,rate to illegal collection,2016,0.006,
ldpe,other,rate to illegal collection,2017,0.006,
ldpe,other,rate to illegal collection,2018,0.006,
ldpe,other,rate to illegal collection,2019,0.006,
ldpe,other,rate to illegal collection,2020,0.006,
ldpe,other,rate to illegal collection,2021,0.006,
ldpe,other,rate to illegal collection,2022,0.006,
ldpe,other,rate to illegal collection,2023,0.006,
ldpe,other,rvm historical,2014,0,
ldpe,other,rvm historical,2015,0,
ldpe,other,rvm historical,2016,0,
ldpe,other,rvm historical,2017,0,
ldpe,other,rvm historical,2018,0,
ldpe,other,rvm historical,2019,0,
ldpe,other,rvm historical,2020,0,
ldpe,other,rvm historical,2021,0,
ldpe,other,rvm historical,2022,0,
ldpe,other,rvm historical,2023,0,
other,bottle,historical data for la collected,2014,0.378153,
other,bottle,historical data for la collected,2015,0.384204,
other,bottle,historical data for la collected,2016,0.388583,
other,bottle,historical data for la collected,2017,0.36809,
other,bottle,historical data for la collected,2018,0.357432,
other,bottle,historical data for la collected,2019,0.377737,
other,bottle,historical data for la collected,2020,0.40777,
other,bottle,historical data for la collected,2021,0.413408,
other,bottle,historical data for la collected,2022,0.391955,
other,bottle,historical data for la collected,2023,0.391955,
other,bottle,wmc historical,2014,0.575847,
other,bottle,wmc historical,2015,0.569795,
other,bottle,wmc historical,2016,0.565417,
other,bottle,wmc historical,2017,0.58591,
other,bottle,wmc historical,2018,0.596568,
other,bottle,wmc historical,2019,0.576263,
other,bottle,wmc historical,2020,0.54623,
other,bottle,wmc historical,2021,0.540592,
other,bottle,wmc historical,2022,0.562045,
other,bottle,wmc historical,2023,0.562045,
other,bottle,littering rate historical data,2014,0.04,
other,bottle,littering rate historical data,2015,0.04,
other,bottle,littering rate historical data,2016,0.04,
other,bottle,littering rate historical data,2017,0.04,
other,bottle,littering rate historical data,2018,0.04,
other,bottle,littering rate historical data,2019,0.04,
other,bottle,littering rate historical data,2020,0.04,
other,bottle,littering rate historical data,2021,0.04,
other,bottle,littering rate historical data,2022,0.04,
other,bottle,littering rate historical data,2023,0.04,
other,bottle,rate to illegal collection,2014,0.006,
other,bottle,rate to illegal collection,2015,0.006,
other,bottle,rate to illegal collection,2016,0.006,
other,bottle,rate to illegal collection,2017,0.006,
other,bottle,rate to illegal collection,2018,0.006,
other,bottle,rate to illegal collection,2019,0.006,
other,bottle,rate to illegal collection,2020,0.006,
other,bottle,rate to illegal collection,2021,0.006,
other,bottle,rate to illegal collection,2022,0.006,
other,bottle,rate to illegal collection,2023,0.006,
other,bottle,rvm historical,2014,0,
other,bottle,rvm historical,2015,0,
other,bottle,rvm historical,2016,0,
other,bottle,rvm historical,2017,0,
other,bottle,rvm historical,2018,0,
other,bottle,rvm historical,2019,0,
other,bottle,rvm historical,2020,0,
other,bottle,rvm historical,2021,0,
other,bottle,rvm historical,2022,0,
other,bottle,rvm historical,2023,0,
other,ptt,historical data for la collected,2014,0.378153,
other,ptt,historical data for la collected,2015,0.384204,
other,ptt,historical data for la collected,2016,0.388583,
other,ptt,historical data for la collected,2017,0.36809,
other,ptt,historical data for la collected,2018,0.357432,
other,ptt,historical data for la collected,2019,0.377737,
other,ptt,historical data for la collected,2020,0.40777,
other,ptt,historical data for la collected,2021,0.413408,
other,ptt,historical data for la collected,2022,0.391955,
other,ptt,historical data for la collected,2023,0.391955,
other,ptt,wmc historical,2014,0.575847,
other,ptt,wmc historical,2015,0.569795,
other,ptt,wmc historical,2016,0.565417,
other,ptt,wmc historical,2017,0.58591,
other,ptt,wmc historical,2018,0.596568,
other,ptt,wmc historical,2019,0.576263,
other,ptt,wmc historical,2020,0.54623,
other,ptt,wmc historical,2021,0.540592,
other,ptt,wmc historical,2022,0.562045,
other,ptt,wmc historical,2023,0.562045,
other,ptt,littering rate historical data,2014,0.04,
other,ptt,littering rate historical data,2015,0.04,
other,ptt,littering rate historical data,2016,0.04,
other,ptt,littering rate historical data,2017,0.04,
other,ptt,littering rate historical data,2018,0.04,
other,ptt,littering rate historical data,2019,0.04,
other,ptt,littering rate historical data,2020,0.04,
other,ptt,littering rate historical data,2021,0.04,
other,ptt,littering rate historical data,2022,0.04,
other,ptt,littering rate historical data,2023,0.04,
other,ptt,rate to illegal collection,2014,0.006,
other,ptt,rate to illegal collection,2015,0.006,
other,ptt,rate to illegal collection,2016,0.006,
other,ptt,rate to illegal collection,2017,0.006,
other,ptt,rate to illegal collection,2018,0.006,
other,ptt,rate to illegal collection,2019,0.006,
other,ptt,rate to illegal collection,2020,0.006,
other,ptt,rate to illegal collection,2021,0.006,
other,ptt,rate to illegal collection,2022,0.006,
other,ptt,rate to illegal collection,2023,0.006,
other,ptt,rvm historical,2014,0,
other,ptt,rvm historical,2015,0,
other,ptt,rvm historical,2016,0,
other,ptt,rvm historical,2017,0,
other,ptt,rvm historical,2018,0,
other,ptt,rvm historical,2019,0,
other,ptt,rvm historical,2020,0,
other,ptt,rvm historical,2021,0,
other,ptt,rvm historical,2022,0,
other,ptt,rvm historical,2023,0,
other,film,historical data for la collected,2014,0.378153,
other,film,historical data for la collected,2015,0.384204,
other,film,historical data for la collected,2016,0.388583,
other,film,historical data for la collected,2017,0.36809,
other,film,historical data for la collected,2018,0.357432,
other,film,historical data for la collected,2019,0.377737,
other,film,historical data for la collected,2020,0.40777,
other,film,historical data for la collected,2021,0.413408,
other,film,historical data for la collected,2022,0.391955,
other,film,historical data for la collected,2023,0.391955,
other,film,wmc historical,2014,0.575847,
other,film,wmc historical,2015,0.569795,
other,film,wmc historical,2016,0.565417,
other,film,wmc historical,2017,0.58591,
other,film,wmc historical,2018,0.596568,
other,film,wmc historical,2019,0.576263,
other,film,wmc historical,2020,0.54623,
other,film,wmc historical,2021,0.540592,
other,film,wmc historical,2022,0.562045,
other,film,wmc historical,2023,0.562045,
other,film,littering rate historical data,2014,0.04,
other,film,littering rate historical data,2015,0.04,
other,film,littering rate historical data,2016,0.04,
other,film,littering rate historical data,2017,0.04,
other,film,littering rate historical data,2018,0.04,
other,film,littering rate historical data,2019,0.04,
other,film,littering rate historical data,2020,0.04,
other,film,littering rate historical data,2021,0.04,
other,film,littering rate historical data,2022,0.04,
other,film,littering rate historical data,2023,0.04,
other,film,rate to illegal collection,2014,0.006,
other,film,rate to illegal collection,2015,0.006,
other,film,rate to illegal collection,2016,0.006,
other,film,rate to illegal collection,2017,0.006,
other,film,rate to illegal collection,2018,0.006,
other,film,rate to illegal collection,2019,0.006,
other,film,rate to illegal collection,2020,0.006,
other,film,rate to illegal collection,2021,0.006,
other,film,rate to illegal collection,2022,0.006,
other,film,rate to illegal collection,2023,0.006,
other,film,rvm historical,2014,0,
other,film,rvm historical,2015,0,
other,film,rvm historical,2016,0,
other,film,rvm historical,2017,0,
other,film,rvm historical,2018,0,
other,film,rvm historical,2019,0,
other,film,rvm historical,2020,0,
other,film,rvm historical,2021,0,
other,film,rvm historical,2022,0,
other,film,rvm historical,2023,0,
other,other,historical data for la collected,2014,0.378153,
other,other,historical data for la collected,2015,0.384204,
other,other,historical data for la collected,2016,0.388583,
other,other,historical data for la collected,2017,0.36809,
other,other,historical data for la collected,2018,0.357432,
other,other,historical data for la collected,2019,0.377737,
other,other,historical data for la collected,2020,0.40777,
other,other,historical data for la collected,2021,0.413408,
other,other,historical data for la collected,2022,0.391955,
other,other,historical data for la collected,2023,0.391955,
other,other,wmc historical,2014,0.575847,
other,other,wmc historical,2015,0.569795,
other,other,wmc historical,2016,0.565417,
other,other,wmc historical,2017,0.58591,
other,other,wmc historical,2018,0.596568,
other,other,wmc historical,2019,0.576263,
other,other,wmc historical,2020,0.54623,
other,other,wmc historical,2021,0.540592,
other,other,wmc historical,2022,0.562045,
other,other,wmc historical,2023,0.562045,
other,other,littering rate historical data,2014,0.04,
other,other,littering rate historical data,2015,0.04,
other,other,littering rate historical data,2016,0.04,
other,other,littering rate historical data,2017,0.04,
other,other,littering rate historical data,2018,0.04,
other,other,littering rate historical data,2019,0.04,
other,other,littering rate historical data,2020,0.04,
other,other,littering rate historical data,2021,0.04,
other,other,littering rate historical data,2022,0.04,
other,other,littering rate historical data,2023,0.04,
other,other,rate to illegal collection,2014,0.006,
other,other,rate to illegal collection,2015,0.006,
other,other,rate to illegal collection,2016,0.006,
other,other,rate to illegal collection,2017,0.006,
other,other,rate to illegal collection,2018,0.006,
other,other,rate to illegal collection,2019,0.006,
other,other,rate to illegal collection,2020,0.006,
other,other,rate to illegal collection,2021,0.006,
other,other,rate to illegal collection,2022,0.006,
other,other,rate to illegal collection,2023,0.006,
other,other,rvm historical,2014,0,
other,other,rvm historical,2015,0,
other,other,rvm historical,2016,0,
other,other,rvm historical,2017,0,
other,other,rvm historical,2018,0,
other,other,rvm historical,2019,0,
other,other,rvm historical,2020,0,
other,other,rvm historical,2021,0,
other,other,rvm historical,2022,0,
other,other,rvm historical,2023,0,
pp,bottle,historical data for la collected,2014,0.378153,
pp,bottle,historical data for la collected,2015,0.384204,
pp,bottle,historical data for la collected,2016,0.388583,
pp,bottle,historical data for la collected,2017,0.36809,
pp,bottle,historical data for la collected,2018,0.357432,
pp,bottle,historical data for la collected,2019,0.377737,
pp,bottle,historical data for la collected,2020,0.40777,
pp,bottle,historical data for la collected,2021,0.413408,
pp,bottle,historical data for la collected,2022,0.391955,
pp,bottle,historical data for la collected,2023,0.391955,
pp,bottle,wmc historical,2014,0.575847,
pp,bottle,wmc historical,2015,0.569795,
pp,bottle,wmc historical,2016,0.565417,
pp,bottle,wmc historical,2017,0.58591,
pp,bottle,wmc historical,2018,0.596568,
pp,bottle,wmc historical,2019,0.576263,
pp,bottle,wmc historical,2020,0.54623,
pp,bottle,wmc historical,2021,0.540592,
pp,bottle,wmc historical,2022,0.562045,
pp,bottle,wmc historical,2023,0.562045,
pp,bottle,littering rate historical data,2014,0.04,
pp,bottle,littering rate historical data,2015,0.04,
pp,bottle,littering rate historical data,2016,0.04,
pp,bottle,littering rate historical data,2017,0.04,
pp,bottle,littering rate historical data,2018,0.04,
pp,bottle,littering rate historical data,2019,0.04,
pp,bottle,littering rate historical data,2020,0.04,
pp,bottle,littering rate historical data,2021,0.04,
pp,bottle,littering rate historical data,2022,0.04,
pp,bottle,littering rate historical data,2023,0.04,
pp,bottle,rate to illegal collection,2014,0.006,
pp,bottle,rate to illegal collection,2015,0.006,
pp,bottle,rate to illegal collection,2016,0.006,
pp,bottle,rate to illegal collection,2017,0.006,
pp,bottle,rate to illegal collection,2018,0.006,
pp,bottle,rate to illegal collection,2019,0.006,
pp,bottle,rate to illegal collection,2020,0.006,
pp,bottle,rate to illegal collection,2021,0.006,
pp,bottle,rate to illegal collection,2022,0.006,
pp,bottle,rate to illegal collection,2023,0.006,
pp,bottle,rvm historical,2014,0,
pp,bottle,rvm historical,2015,0,
pp,bottle,rvm historical,2016,0,
pp,bottle,rvm historical,2017,0,
pp,bottle,rvm historical,2018,0,
pp,bottle,rvm historical,2019,0,
pp,bottle,rvm historical,2020,0,
pp,bottle,rvm historical,2021,0,
pp,bottle,rvm historical,2022,0,
pp,bottle,rvm historical,2023,0,
pp,ptt,historical data for la collected,2014,0.378153,
pp,ptt,historical data for la collected,2015,0.384204,
pp,ptt,historical data for la collected,2016,0.388583,
pp,ptt,historical data for la collected,2017,0.36809,
pp,ptt,historical data for la collected,2018,0.357432,
pp,ptt,historical data for la collected,2019,0.377737,
pp,ptt,historical data for la collected,2020,0.40777,
pp,ptt,historical data for la collected,2021,0.413408,
pp,ptt,historical data for la collected,2022,0.391955,
pp,ptt,historical data for la collected,2023,0.391955,
pp,ptt,wmc historical,2014,0.575847,
pp,ptt,wmc historical,2015,0.569795,
pp,ptt,wmc historical,2016,0.565417,
pp,ptt,wmc historical,2017,0.58591,
pp,ptt,wmc historical,2018,0.596568,
pp,ptt,wmc historical,2019,0.576263,
pp,ptt,wmc historical,2020,0.54623,
pp,ptt,wmc historical,2021,0.540592,
pp,ptt,wmc historical,2022,0.562045,
pp,ptt,wmc historical,2023,0.562045,
pp,ptt,littering rate historical data,2014,0.04,
pp,ptt,littering rate historical data,2015,0.04,
pp,ptt,littering rate historical data,2016,0.04,
pp,ptt,littering rate historical data,2017,0.04,
pp,ptt,littering rate historical data,2018,0.04,
pp,ptt,littering rate historical data,2019,0.04,
pp,ptt,littering rate historical data,2020,0.04,
pp,ptt,littering rate historical data,2021,0.04,
pp,ptt,littering rate historical data,2022,0.04,
pp,ptt,littering rate historical data,2023,0.04,
pp,ptt,rate to illegal collection,2014,0.006,
pp,ptt,rate to illegal collection,2015,0.006,
pp,ptt,rate to illegal collection,2016,0.006,
pp,ptt,rate to illegal collection,2017,0.006,
pp,ptt,rate to illegal collection,2018,0.006,
pp,ptt,rate to illegal collection,2019,0.006,
pp,ptt,rate to illegal collection,2020,0.006,
pp,ptt,rate to illegal collection,2021,0.006,
pp,ptt,rate to illegal collection,2022,0.006,
pp,ptt,rate to illegal collection,2023,0.006,
pp,ptt,rvm historical,2014,0,
pp,ptt,rvm historical,2015,0,
pp,ptt,rvm historical,2016,0,
pp,ptt,rvm historical,2017,0,
pp,ptt,rvm historical,2018,0,
pp,ptt,rvm historical,2019,0,
pp,ptt,rvm historical,2020,0,
pp,ptt,rvm historical,2021,0,
pp,ptt,rvm historical,2022,0,
pp,ptt,rvm historical,2023,0,
pp,film,historical data for la collected,2014,0.378153,
pp,film,historical data for la collected,2015,0.384204,
pp,film,historical data for la collected,2016,0.388583,
pp,film,historical data for la collected,2017,0.36809,
pp,film,historical data for la collected,2018,0.357432,
pp,film,historical data for la collected,2019,0.377737,
pp,film,historical data for la collected,2020,0.40777,
pp,film,historical data for la collected,2021,0.413408,
pp,film,historical data for la collected,2022,0.391955,
pp,film,historical data for la collected,2023,0.391955,
pp,film,wmc historical,2014,0.575847,
pp,film,wmc historical,2015,0.569795,
pp,film,wmc historical,2016,0.565417,
pp,film,wmc historical,2017,0.58591,
pp,film,wmc historical,2018,0.596568,
pp,film,wmc historical,2019,0.576263,
pp,film,wmc historical,2020,0.54623,
pp,film,wmc historical,2021,0.540592,
pp,film,wmc historical,2022,0.562045,
pp,film,wmc historical,2023,0.562045,
pp,film,littering rate historical data,2014,0.04,
pp,film,littering rate historical data,2015,0.04,
pp,film,littering rate historical data,2016,0.04,
pp,film,littering rate historical data,2017,0.04,
pp,film,littering rate historical data,2018,0.04,
pp,film,littering rate historical data,2019,0.04,
pp,film,littering rate historical data,2020,0.04,
pp,film,littering rate historical data,2021,0.04,
pp,film,littering rate historical data,2022,0.04,
pp,film,littering rate historical data,2023,0.04,
pp,film,rate to illegal collection,2014,0.006,
pp,film,rate to illegal collection,2015,0.006,
pp,film,rate to illegal collection,2016,0.006,
pp,film,rate to illegal collection,2017,0.006,
pp,film,rate to illegal collection,2018,0.006,
pp,film,rate to illegal collection,2019,0.006,
pp,film,rate to illegal collection,2020,0.006,
pp,film,rate to illegal collection,2021,0.006,
pp,film,rate to illegal collection,2022,0.006,
pp,film,rate to illegal collection,2023,0.006,
pp,film,rvm historical,2014,0,
pp,film,rvm historical,2015,0,
pp,film,rvm historical,2016,0,
pp,film,rvm historical,2017,0,
pp,film,rvm historical,2018,0,
pp,film,rvm historical,2019,0,
pp,film,rvm historical,2020,0,
pp,film,rvm historical,2021,0,
pp,film,rvm historical,2022,0,
pp,film,rvm historical,2023,0,
pp,other,historical data for la collected,2014,0.378153,
pp,other,historical data for la collected,2015,0.384204,
pp,other,historical data for la collected,2016,0.388583,
pp,other,historical data for la collected,2017,0.36809,
pp,other,historical data for la collected,2018,0.357432,
pp,other,historical data for la collected,2019,0.377737,
pp,other,historical data for la collected,2020,0.40777,
pp,other,historical data for la collected,2021,0.413408,
pp,other,historical data for la collected,2022,0.391955,
pp,other,historical data for la collected,2023,0.391955,
pp,other,wmc historical,2014,0.575847,
pp,other,wmc historical,2015,0.569795,
pp,other,wmc historical,2016,0.565417,
pp,other,wmc historical,2017,0.58591,
pp,other,wmc historical,2018,0.596568,
pp,other,wmc historical,2019,0.576263,
pp,other,wmc historical,2020,0.54623,
pp,other,wmc historical,2021,0.540592,
pp,other,wmc historical,2022,0.562045,
pp,other,wmc historical,2023,0.562045,
pp,other,littering rate historical data,2014,0.04,
pp,other,littering rate historical data,2015,0.04,
pp,other,littering rate historical data,2016,0.04,
pp,other,littering rate historical data,2017,0.04,
pp,other,littering rate historical data,2018,0.04,
pp,other,littering rate historical data,2019,0.04,
pp,other,littering rate historical data,2020,0.04,
pp,other,littering rate historical data,2021,0.04,
pp,other,littering rate historical data,2022,0.04,
pp,other,littering rate historical data,2023,0.04,
pp,other,rate to illegal collection,2014,0.006,
pp,other,rate to illegal collection,2015,0.006,
pp,other,rate to illegal collection,2016,0.006,
pp,other,rate to illegal collection,2017,0.006,
pp,other,rate to illegal collection,2018,0.006,
pp,other,rate to illegal collection,2019,0.006,
pp,other,rate to illegal collection,2020,0.006,
pp,other,rate to illegal collection,2021,0.006,
pp,other,rate to illegal collection,2022,0.006,
pp,other,rate to illegal collection,2023,0.006,
pp,other,rvm historical,2014,0,
pp,other,rvm historical,2015,0,
pp,other,rvm historical,2016,0,
pp,other,rvm historical,2017,0,
pp,other,rvm historical,2018,0,
pp,other,rvm historical,2019,0,
pp,other,rvm historical,2020,0,
pp,other,rvm historical,2021,0,
pp,other,rvm historical,2022,0,
pp,other,rvm historical,2023,0,
ps,bottle,historical data for la collected,2014,0.378153,
ps,bottle,historical data for la collected,2015,0.384204,
ps,bottle,historical data for la collected,2016,0.388583,
ps,bottle,historical data for la collected,2017,0.36809,
ps,bottle,historical data for la collected,2018,0.357432,
ps,bottle,historical data for la collected,2019,0.377737,
ps,bottle,historical data for la collected,2020,0.40777,
ps,bottle,historical data for la collected,2021,0.413408,
ps,bottle,historical data for la collected,2022,0.391955,
ps,bottle,historical data for la collected,2023,0.391955,
ps,bottle,wmc historical,2014,0.575847,
ps,bottle,wmc historical,2015,0.569795,
ps,bottle,wmc historical,2016,0.565417,
ps,bottle,wmc historical,2017,0.58591,
ps,bottle,wmc historical,2018,0.596568,
ps,bottle,wmc historical,2019,0.576263,
ps,bottle,wmc historical,2020,0.54623,
ps,bottle,wmc historical,2021,0.540592,
ps,bottle,wmc historical,2022,0.562045,
ps,bottle,wmc historical,2023,0.562045,
ps,bottle,littering rate historical data,2014,0.04,
ps,bottle,littering rate historical data,2015,0.04,
ps,bottle,littering rate historical data,2016,0.04,
ps,bottle,littering rate historical data,2017,0.04,
ps,bottle,littering rate historical data,2018,0.04,
ps,bottle,littering rate historical data,2019,0.04,
ps,bottle,littering rate historical data,2020,0.04,
ps,bottle,littering rate historical data,2021,0.04,
ps,bottle,littering rate historical data,2022,0.04,
ps,bottle,littering rate historical data,2023,0.04,
ps,bottle,rate to illegal collection,2014,0.006,
ps,bottle,rate to illegal collection,2015,0.006,
ps,bottle,rate to illegal collection,2016,0.006,
ps,bottle,rate to illegal collection,2017,0.006,
ps,bottle,rate to illegal collection,2018,0.006,
ps,bottle,rate to illegal collection,2019,0.006,
ps,bottle,rate to illegal collection,2020,0.006,
ps,bottle,rate to illegal collection,2021,0.006,
ps,bottle,rate to illegal collection,2022,0.006,
ps,bottle,rate to illegal collection,2023,0.006,
ps,bottle,rvm historical,2014,0,
ps,bottle,rvm historical,2015,0,
ps,bottle,rvm historical,2016,0,
ps,bottle,rvm historical,2017,0,
ps,bottle,rvm historical,2018,0,
ps,bottle,rvm historical,2019,0,
ps,bottle,rvm historical,2020,0,
ps,bottle,rvm historical,2021,0,
ps,bottle,rvm historical,2022,0,
ps,bottle,rvm historical,2023,0,
ps,ptt,historical data for la collected,2014,0.378153,
ps,ptt,historical data for la collected,2015,0.384204,
ps,ptt,historical data for la collected,2016,0.388583,
ps,ptt,historical data for la collected,2017,0.36809,
ps,ptt,historical data for la collected,2018,0.357432,
ps,ptt,historical data for la collected,2019,0.377737,
ps,ptt,historical data for la collected,2020,0.40777,
ps,ptt,historical data for la collected,2021,0.413408,
ps,ptt,historical data for la collected,2022,0.391955,
ps,ptt,historical data for la collected,2023,0.391955,
ps,ptt,wmc historical,2014,0.575847,
ps,ptt,wmc historical,2015,0.569795,
ps,ptt,wmc historical,2016,0.565417,
ps,ptt,wmc historical,2017,0.58591,
ps,ptt,wmc historical,2018,0.596568,
ps,ptt,wmc historical,2019,0.576263,
ps,ptt,wmc historical,2020,0.54623,
ps,ptt,wmc historical,2021,0.540592,
ps,ptt,wmc historical,2022,0.562045,
ps,ptt,wmc historical,2023,0.562045,
ps,ptt,littering rate historical data,2014,0.04,
ps,ptt,littering rate historical data,2015,0.04,
ps,ptt,littering rate historical data,2016,0.04,
ps,ptt,littering rate historical data,2017,0.04,
ps,ptt,littering rate historical data,2018,0.04,
ps,ptt,littering rate historical data,2019,0.04,
ps,ptt,littering rate historical data,2020,0.04,
ps,ptt,littering rate historical data,2021,0.04,
ps,ptt,littering rate historical data,2022,0.04,
ps,ptt,littering rate historical data,2023,0.04,
ps,ptt,rate to illegal collection,2014,0.006,
ps,ptt,rate to illegal collection,2015,0.006,
ps,ptt,rate to illegal collection,2016,0.006,
ps,ptt,rate to illegal collection,2017,0.006,
ps,ptt,rate to illegal collection,2018,0.006,
ps,ptt,rate to illegal collection,2019,0.006,
ps,ptt,rate to illegal collection,2020,0.006,
ps,ptt,rate to illegal collection,2021,0.006,
ps,ptt,rate to illegal collection,2022,0.006,
ps,ptt,rate to illegal collection,2023,0.006,
ps,ptt,rvm historical,2014,0,
ps,ptt,rvm historical,2015,0,
ps,ptt,rvm historical,2016,0,
ps,ptt,rvm historical,2017,0,
ps,ptt,rvm historical,2018,0,
ps,ptt,rvm historical,2019,0,
ps,ptt,rvm historical,2020,0,
ps,ptt,rvm historical,2021,0,
ps,ptt,rvm historical,2022,0,
ps,ptt,rvm historical,2023,0,
ps,film,historical data for la collected,2014,0.378153,
ps,film,historical data for la collected,2015,0.384204,
ps,film,historical data for la collected,2016,0.388583,
ps,film,historical data for la collected,2017,0.36809,
ps,film,historical data for la collected,2018,0.357432,
ps,film,historical data for la collected,2019,0.377737,
ps,film,historical data for la collected,2020,0.40777,
ps,film,historical data for la collected,2021,0.413408,
ps,film,historical data for la collected,2022,0.391955,
ps,film,historical data for la collected,2023,0.391955,
ps,film,wmc historical,2014,0.575847,
ps,film,wmc historical,2015,0.569795,
ps,film,wmc historical,2016,0.565417,
ps,film,wmc historical,2017,0.58591,
ps,film,wmc historical,2018,0.596568,
ps,film,wmc historical,2019,0.576263,
ps,film,wmc historical,2020,0.54623,
ps,film,wmc historical,2021,0.540592,
ps,film,wmc historical,2022,0.562045,
ps,film,wmc historical,2023,0.562045,
ps,film,littering rate historical data,2014,0.04,
ps,film,littering rate historical data,2015,0.04,
ps,film,littering rate historical data,2016,0.04,
ps,film,littering rate historical data,2017,0.04,
ps,film,littering rate historical data,2018,0.04,
ps,film,littering rate historical data,2019,0.04,
ps,film,littering rate historical data,2020,0.04,
ps,film,littering rate historical data,2021,0.04,
ps,film,littering rate historical data,2022,0.04,
ps,film,littering rate historical data,2023,0.04,
ps,film,rate to illegal collection,2014,0.006,
ps,film,rate to illegal collection,2015,0.006,
ps,film,rate to illegal collection,2016,0.006,
ps,film,rate to illegal collection,2017,0.006,
ps,film,rate to illegal collection,2018,0.006,
ps,film,rate to illegal collection,2019,0.006,
ps,film,rate to illegal collection,2020,0.006,
ps,film,rate to illegal collection,2021,0.006,
ps,film,rate to illegal collection,2022,0.006,
ps,film,rate to illegal collection,2023,0.006,
ps,film,rvm historical,2014,0,
ps,film,rvm historical,2015,0,
ps,film,rvm historical,2016,0,
ps,film,rvm historical,2017,0,
ps,film,rvm historical,2018,0,
ps,film,rvm historical,2019,0,
ps,film,rvm historical,2020,0,
ps,film,rvm historical,2021,0,
ps,film,rvm historical,2022,0,
ps,film,rvm historical,2023,0,
ps,other,historical data for la collected,2014,0.378153,
ps,other,historical data for la collected,2015,0.384204,
ps,other,historical data for la collected,2016,0.388583,
ps,other,historical data for la collected,2017,0.36809,
ps,other,historical data for la collected,2018,0.357432,
ps,other,historical data for la collected,2019,0.377737,
ps,other,historical data for la collected,2020,0.40777,
ps,other,historical data for la collected,2021,0.413408,
ps,other,historical data for la collected,2022,0.391955,
ps,other,historical data for la collected,2023,0.391955,
ps,other,wmc historical,2014,0.575847,
ps,other,wmc historical,2015,0.569795,
ps,other,wmc historical,2016,0.565417,
ps,other,wmc historical,2017,0.58591,
ps,other,wmc historical,2018,0.596568,
ps,other,wmc historical,2019,0.576263,
ps,other,wmc historical,2020,0.54623,
ps,other,wmc historical,2021,0.540592,
ps,other,wmc historical,2022,0.562045,
ps,other,wmc historical,2023,0.562045,
ps,other,littering rate historical data,2014,0.04,
ps,other,littering rate historical data,2015,0.04,
ps,other,littering rate historical data,2016,0.04,
ps,other,littering rate historical data,2017,0.04,
ps,other,littering rate historical data,2018,0.04,
ps,other,littering rate historical data,2019,0.04,
ps,other,littering rate historical data,2020,0.04,
ps,other,littering rate historical data,2021,0.04,
ps,other,littering rate historical data,2022,0.04,
ps,other,littering rate historical data,2023,0.04,
ps,other,rate to illegal collection,2014,0.006,
ps,other,rate to illegal collection,2015,0.006,
ps,other,rate to illegal collection,2016,0.006,
ps,other,rate to illegal collection,2017,0.006,
ps,other,rate to illegal collection,2018,0.006,
ps,other,rate to illegal collection,2019,0.006,
ps,other,rate to illegal collection,2020,0.006,
ps,other,rate to illegal collection,2021,0.006,
ps,other,rate to illegal collection,2022,0.006,
ps,other,rate to illegal collection,2023,0.006,
ps,other,rvm historical,2014,0,
ps,other,rvm historical,2015,0,
ps,other,rvm historical,2016,0,
ps,other,rvm historical,2017,0,
ps,other,rvm historical,2018,0,
ps,other,rvm historical,2019,0,
ps,other,rvm historical,2020,0,
ps,other,rvm historical,2021,0,
ps,other,rvm historical,2022,0,
ps,other,rvm historical,2023,0,